i,1,衣依扆銥伊咿吚蛜医𣘦嫛繄醫翳鷖猗欹漪椅禕郼噫黟她
i,2,台怡眙貽詒飴枱鈶夷洟姨咦侇桋峓痍胰眱羠跠栘扅袲移迻簃謻誃㐌杝柂迆迤貤䝯匜訑酏椸蛇佗宦頤颐彝𢑱遺儀异圯沶羨懿宜[(異讀)]沂[(異讀)]疑[(異讀)]嶷[(異讀)]誼[(異讀)]
i,3,以㠯苡倚椅猗旖掎踦綺绮輢錡齮已偯矣扆迆酏匜蟻[(異讀)]艤[(異讀)]顗[(異讀)]尾[(異讀)]
i,5,意億憶臆檍澺薏繶醷鐿鷾異异廙冀兾驥翌羿翊翼翳瞖蠮曀殪饐豷懿㦤衣裔曳洩泄枻袣詍勩施貤袘詒貽食猗瘞縊易肄遺㳿乂[(異讀)]刈[(異讀)]義[(異讀)]詣[(異讀)]毅[(異讀)]藝[(異讀)]
i,7,一弌壹噎饐豷弋㚤杙黓亦帟奕弈易埸蜴邑唈悒挹裛浥益溢嗌膉縊艗鷁謚鎰齸睪懌嶧斁圛譯繹驛襗醳佚劮妷泆軼逸佾抑揖射洫億憶臆肊檍繶醷翌翊熠翼液腋掖鳦乙[(異讀)]屹[(異讀)]仡[(異讀)]役[(異讀)]疫[(異讀)]鷊[(異讀)]
pi,1,屄卑[(或音)]碑[(或音)]杯[(或音)]
pi,2,皮疲陂鈹啤埤陴郫脾禆裨猈椑鞞鼙箄比枇琶紕蚍毗毘鈚魮肶㮰膍貔鎞羆罷䥯培[(或音)]賠[(或音)]裴[(或音)]
pi,3,比彼俾婢埤庳睥鞞髀裨匕[(或音)]妣[(或音)]鄙[(或音)]
pi,5,貝[(或音)]倍[(或音)]輩[(或音)]泌[(或音)]秘[(或音)]閟[(或音)]邲[(或音)]毖[(或音)]比[(或音)]庇[(或音)]篦[(或音)]陛[(或音)]狴[(或音)]庳[(或音)]萆[(或音)]畀[(或音)]痹[(或音)]敝[(或音)]蔽[(或音)]幣[(或音)]𡚁[(或音)]斃[(或音)]獘[(或音)]避[(或音)]臂[(或音)]嬖[(或音)]薜[(或音)]費[(或音)]詖[(或音)]骳[(或音)]髲[(或音)]閉[(或音)]賁[(或音)]贔[(或音)]
pi,7,必佖怭邲苾珌鉍飶馝駜畢嗶㓖滭彃篳蓽熚鞸韠縪饆蹕辟壁璧襞躃躄鸊偪幅愊湢楅腷逼疈鼻筆潷皕弼愎碧觱佛癟𤻋覓[(俗音)]謐[(俗音)]祕[(俗音)]甓[(俗音)]荸[(異讀)]
pʰi,1,批砒紕𦱔披被帔狓㓟鈹銔𬭃坏[(或音)]狉[(或音)]丕[(或音)]
pʰi,2,皮[(俗音)]脾[(俗音)]枇[(俗音)]
pʰi,3,否痞嚭苤秠仳庀匕朼牝妣秕粃啚鄙𤹦圮[(異讀)]
pʰi,5,庀媲嫓濞譬帔[(又音)]
pʰi,7,匹疋辟僻澼擗癖擘闢劈甓薜霹鐴椑副弼[(俗音)]愎[(俗音)]鼻[(俗音)]
mi,1,咪瞇
mi,2,玫[(或音)]枚[(或音)]眉[(或音)]煤[(或音)]迷[(或音)]謎[(或音)]糜[(或音)]縻[(或音)]彌[(或音)]瀰[(或音)]
mi,3,米咪敉侎眯洣瞇銤弭靡芈沔[(又音)]美[(又音)]每[(又音)]
mi,5,睸妹[(或音)]謎[(或音)]媚[(或音)]
mi,7,宓虙泌密蔤蜜謐祕糸汨日覓塓幎冪幎幂□鼏幦幭簚
fi,1,飛[(叶音)]
fi,2,肥[(叶音)]
fi,3,匪[(叶音)]
fi,5,費[(叶音)]
ti,1,氐低羝胝袛磾
ti,2,提隄堤題禔緹醍媞睼騠踶鞮鍉褆緹稊䬾鵜啼嗁蹄蹏鍗荑
ti,3,抵底坻邸牴觝柢砥詆弤氐泜底軧的
ti,5,弟悌第娣睇地杕軑釱逮棣帝蒂揥禘碲締諦螮蔕慸遰墆踶題鯷𥳠坻疐嚏蝃隸[(俗音)]粒[(俗音)]遞[(異讀)]
ti,7,啇滴嫡敵蹢鏑甋適摘的菂玓靮翟籊糴籴趯鸐狄荻逖逷弔鍉笛迪[(異讀)]覿[(異讀)]滌[(異讀)]
tʰi,1,梯銻綈鷉提[(俗音)]啼[(俗音)]綈[(俗音)]
tʰi,3,體体醍
tʰi,5,剃涕悌弟鬀銻啻鬄裼薙髢替嚏屉屜揥棣殢遞隸隷
tʰi,7,剔惕惖踢倜俶迪覿滌踧蜴逖[(或音)]逷[(或音)]趯[(或音)]
li,2,漓樆璃縭褵離蘺籬灕䍦䙰醨罹梨棃犁黎藜蔾黧瓈蜊厘釐剺嫠漦犛氂麗酈鸝驪鱺纚欐孋蠡劙梩貍狸驢
li,3,李里理俚娌鯉鋰悝浬哩裏裡澧禮礼□醴離蠡旅膂𭄸履
li,5,利俐莉痢蜊猁鬁例栵㾐迾戾唳捩淚厲癘勵礪糲蠣禲麗儷邐欐鱺攦丽迣吏詈荔沴盭涖莅蒞離劙隸[(或音)]
li,7,力叻立粒笠苙鷑栗慄凓溧瑮篥迾秝曆厤歷𠪱瀝藶嚦䍥癧靂櫪轣櫟礫躒轢皪擽鬲𩱇鎘酈聿律嵂葎茟濾壘率膟矞燏繘遹驈鷸霱鴥
tɕi,1,基朞期稘箕萁其肌飢幾嘰機磯禨譏畿饑𩚮魕鐖鞿璣奇剞敧畸觭踦乩姬雞鷄居丌筓枅㚻嵇稽羈覊羇覉刉躋[(俗音)]苴[(俗音)]賫[(俗音)]
tɕi,2,其淇琪祺棋棊碁旗期蜞騏麒綦萁娸璂𤪌奇崎琦埼錡騎攲碕觭踦伎岐歧蚑跂祈圻旂頎蘄芪祇示疧疷軝耆鳍䰇俟
tɕi,3,几机麂己紀杞幾蟣庋掎剞踦擠[(俗音)]濟[(俗音)]
tɕi,5,季悸痵鯚伎技妓芰忮屐記紀忌跽邔計寄徛騎既塈暨蔇穊繼檵其惎洎瘈覬薊繫結𦇧罽禨企[(俗音)]跂[(俗音)]錡[(俗音)]冀[(或音)]驥[(或音)]祭[(俗音)]濟[(俗音)]
tɕi,7,及汲伋岌芨級笈扱极圾鈒吸吉咭姞蛣佶鮚髻亟極殛急給戟撠棘襋劇革擊毄墼轚激檄迹[(俗音)]積[(俗音)]脊[(俗音)]葺[(俗音)]
tsi,1,躋隮劑齎齏𧆌賫賷且沮狙苴罝疽砠趄菹葅睢蛆齟
tsi,2,齊臍蠐懠艩薺
tsi,3,擠濟鱭鮆癠泲沮咀鉏齟
tsi,5,祭際漈穄傺齊劑穧濟嚌薺懠霽粢檇眥沮怚聚
tsi,7,迹跡蹟勣幘磧積績脊瘠蹐鶺塉疾嫉蒺槉集即蝍唧堲鯽耤籍藉踖葺戢楫檝蕺緝輯揖濈𥊬䐕𧤏寂稷孶䜉聻
tɕʰi,1,欺倛諆僛欹踦觭溪谿榿期[(異讀)]𤄬[(異讀)]妻[(俗音)]沏[(俗音)]
tɕʰi,2,齊[(異讀)]臍[(異讀)]幾[(異讀)]畦[(異讀)]其[(俗音)]奇[(俗音)]祁[(俗音)]
tɕʰi,3,起杞屺芑圮豈啟綮棨启稽掎綺[(異讀)]
tɕʰi,5,氣气汽餼霼炁契禊瘈鍥栔㓶企跂棄器噐憩憇亟愒偈揭甈蟿欬楔[(又音)]妻[(又音)]砌[(又音)]
tɕʰi,7,乞仡忔汔犵迄訖疙吃屹喫契泣[(異讀)]七[(俗音)]漆[(俗音)]戚[(俗音)]慼[(俗音)]輯[(俗音)]葺[(俗音)]磧[(俗音)]
tsʰi,1,妻淒凄悽萋郪棲栖沏泚齌蛆趨趍
tsʰi,3,取
tsʰi,5,妻砌取娶趣覰覷覻
tsʰi,7,七柒漆桼戚慼磩鏚蹙墄刺崒寂覰咠績
ɕi,1,希稀唏悕□晞睎郗欷豨鵗奚溪谿傒徯蹊豀㜎謑鼷䙎鸂僖嘻嬉熹憙禧譆戲嚱巇羲犧㰕曦兮熙畦醯屎娭誒赥釐西[(俗音)]犀[(俗音)]嘶[(俗音)]
ɕi,2,巂酅攜携擕蠵觿鑴眭畦
ɕi,3,喜憙蟢禧巂霼洗[(俗音)]葸[(俗音)]枲[(俗音)]徙[(俗音)]
ɕi,5,系係繫戲咥屭愾霼盻餼憙塈[(俗音)]嚱[(俗音)]禊[(俗音)]細[(俗音)]
ɕi,7,翕歙噏熻潝闟㬛泣湇檄綌卻郄隙𨻶肸虩衋覡鬩䦧闃郹吸扱赥赩昔[(俗音)]夕[(俗音)]析[(俗音)]息[(俗音)]
si,1,西恓粞栖硒犀樨棲嘶澌撕𤷡溺尿縰纚胥糈湑諝醑需繻鑐須嬃鬚𨬗荽綏雖[(俗音)]
si,2,徐邪隋[(俗音)]隨[(俗音)]
si,3,洗銑洒葸諰璽兕枲徙蓰屣蹝縰釃躧纚嶼鱮綏瀡髓湑糈諝醑稰
si,5,細序敍叙潊溆絮緒遂[(俗音)]碎[(俗音)]歲[(俗音)]
si,7,昔㫺惜腊唶夕汐穸矽悉蟋僁窸㗭席蓆析㭊晳皙唽晰淅蜥息媳熄螅鄎習褶熠霫膝䣛𧀬隰裼錫舃舄磶襲卌侐洫恤卹賉殈戌壻婿
ȵi,2,尼呢泥怩妮苨柅埿鈮兒倪郳猊貎唲䘽鯢霓蜺輗麑齯宜疑嶷沂狋鸃臡儀[(俗音)]
ȵi,3,你伱尼泥旎昵擬儗薿檷禰蟻檥艤轙螘顗
ȵi,5,膩睨堄倪泥䛏乂刈艾義議誼詣藝蓺埶秇囈讛襼寱劓㓷毅藙
ȵi,7,匿暱昵尼逆𠸺𠱘搦溺嶷惄鷊虉鶃𱊈
vi,1,威[(叶音)]
vi,2,為[(叶音)]
vi,3,偉[(叶音)]
vi,5,味[(叶音)]
kvi,1,歸[(叶音)]
kvi,2,垂[(叶音)]
kvi,3,鬼[(叶音)]
kvi,5,墜[(叶音)]
kʰvi,1,窺[(叶音)]
kʰvi,3,跪[(叶音)]
kʰvi,5,潰[(叶音)]
u,1,污汙圬杇洿烏嗚鄔㮧鎢巫誣於惡
u,2,吾梧唔峿鼯浯郚鋙齬吳蜈俁無无蕪毋亡
u,3,五伍午仵忤啎牾武娬嫵碔鵡侮潕舞憮廡膴甒儛隖塢摀
u,5,晤悟捂焐寤汙戊惡誤悞務婺霧騖鶩迕遻
u,7,屋物歾𩑦勿[(異讀)]沕[(異讀)]兀[(異讀)]杌[(異讀)]卼[(異讀)]沃[(異讀)]鋈[(異讀)]
pu,1,晡逋餔
pu,2,菩匍葡蒲莆蒱酺荸
pu,3,補捕哺埔
pu,5,布佈怖抪𥑢步部篰蔀埠簿哺捕餔酺
pu,7,不𡋯[(俗音)]脖[(俗音)]㶿[(俗音)]卜[(異讀)]醭[(異讀)]
pʰu,1,鋪痡晡[(或音)]逋[(或音)]餔[(或音)]
pʰu,2,菩[(俗音)]匍[(俗音)]蒲[(俗音)]
pʰu,3,圃浦溥埔普譜諩氆𠽾鐠
pʰu,5,鋪舖堡[(異讀)]
pʰu,7,仆扑朴卜孛浡悖勃渤𡋯桲誖脖鵓㶿馞僕樸墣璞蹼鏷撲幞䪁醭轐濮襆襥暴爆曝襮瀑踣覆[(俗音)]
fu,1,夫伕砆玞衭趺鈇麩敷膚鄜孵不柎胕跗乎呼虖嘑歑謼滹膴幠戲
fu,2,夫扶芙蚨苻符坿泭柎孚俘郛莩桴稃粰罦䱐垺枹榑鳧鳬胡湖蝴糊餬猢瑚葫衚鶘鬍醐𪍒䴴瓠壺乎魱狐弧罘[(或音)]浮[(或音)]蜉[(或音)]
fu,3,府俯腐拊腑柎弣甫脯輔莆簠黼鯆鬴俌郙父㕮斧釜滏俛頫撫嘸虎唬琥許滸哺[(或音)]甒[(或音)]膴[(或音)]
fu,5,付咐附坿祔鮒駙父仆赴訃婦媍偩負副富傅賻賦户戽𣶉扈滬鳸雇擭濩穫蠖艧護韄頀呼嘑摢互冱枑怙岵祜楛婟瓠洿鄠嫮阜[(異讀)]
fu,7,弗佛怫拂咈坲茀彿沸刜紼艴氟髴笰綍伏茯袱洑垘栿服菔箙鵩復复腹複蝮鰒鍑馥輹覆副幅福蝠偪輻腷楅葍匐蔔祓紱韍黻帗芾甶宓勿沕芴惚唿曶忽笏囫寣𥇰斛觳蔛槲欻縠鶻搰核鵠貉軱𮝴
ku,1,姑咕沽估蛄酤鴣菇辜鈷𨬟家孤泒呱柧菰罛笟箛箍
ku,3,古罟估牯沽詁鈷嘏盬賈蠱股羖鼓皷瞽臌蛌凸
ku,5,故固凅堌痼鯝錮僱雇顧
ku,7,骨榾鶻滑搰蓇告梏牿鵠嚳谷唂鋊穀轂𨢋瀔淈汩
kʰu,1,枯骷刳挎鮬𱇦
kʰu,3,苦楛䇢𥯶
kʰu,5,庫褲袴絝
kʰu,7,窟堀哭酷矻刉嚳
y,1,淤瘀迂紓
y,2,于圩盂竽玗杅邘釪於余畬狳艅餘俞愉逾踰榆揄隃渝媮羭毹喻覦瑜窬牏歈蝓褕魚漁禺愚喁隅嵎齵舁臾萸諛腴與歟璵輿轝旟娛虞雩予伃妤如袽筎洳銣鴽蕠挐茹儒濡薷襦獳蠕顬嚅𩍥醹衙樗[(或音)]摴[(或音)]
y,3,羽雨語圄𣣄齬鋙俁麌噳禹瑀鄅萭與嶼鱮嫗傴圉庾瘐楰宇予伃妤窳噢汝籹女乳擩醹蕊蘂蕋繠
y,5,與譽鸒藇礜禺寓庽遇御禦籞馭裕飫饇喻諭愈癒瘉預澦蕷豫玉鈺尉𥸤龥雨芋語嫗棜孺茹洳銣
y,7,域棫蜮罭閾彧淢緎魊蔚熨鬱欝惌菀黦廿入役疫𧘣垼浴[(異讀)]欲[(異讀)]毓[(異讀)]育[(異讀)]郁[(異讀)]燠[(異讀)]獄[(異讀)]聿[(異讀)]矞[(異讀)]鴥[(異讀)]
tɕy,1,居㞐据裾琚崌椐腒拘跔駒俱車捄朱株珠硃侏洙茱蛛銖誅邾跦姝諸豬猪瀦櫫櫧且[(異讀)]疽[(異讀)]睢[(異讀)]
tɕy,2,佢渠磲蕖劬朐雊痀絇軥蒟鼩瞿氍癯臞衢鸜戵璩醵噱臄蘧籧除滁篨蜍儲廚厨櫥躕幮跦躇瀦[(俗音)]櫫[(俗音)]垂[(俗音)]槌[(俗音)]
tɕy,3,矩榘柜粔拒舉擧櫸莒筥枸蒟踽偊窶宁貯羜主拄炷𠰍鉒麈渚煑楮褚陼翥枓咀[(異讀)]沮[(異讀)]
tɕy,5,巨拒炬怇鉅距詎秬苣蚷䣰駏具埧椇颶豦據勮遽醵鐻臄倨据踞鋸句泃怐齣瞿懼愳惧屨窶齲虡簴劊佇竚苧紵住注註柱炷蛀駐著箸筯鑄馵屬聚[(異讀)]沮[(異讀)]最[(異讀)]足[(異讀)]
tɕy,7,局侷跼挶𫀸鋦匊掬菊鞠踘鞫椈躹橘劀鷸劇鵙[(異讀)]
tɕʰy,1,區嶇樞軀驅敺駈貙去佉呿胠祛阹袪魼砠[(異讀)]蛆[(異讀)]趨[(異讀)]
tɕʰy,2,渠[(俗音)]劬[(俗音)]瞿[(俗音)]
tɕʰy,3,杵處𣎴齲[(異讀)]取[(異讀)]娶[(異讀)]
tɕʰy,5,去處絮𨧱𦁐漆[(異讀)]娶[(或音)]趣[(或音)]覰[(或音)]
tɕʰy,7,屈詘出倔崛黜絀𨧱□齣𱌮曲[(或音)]蛐[(或音)]麯[(或音)]闃[(或音)]
ɕy,1,吁訏盱芋冔虚墟嘘歔喣呴姁嫗抒紓舒攄樗摴鄃輸書胥[(或音)]須[(或音)]需[(或音)]樨[(或音)]
ɕy,2,殊朱殳薯藷徐[(或音)]邪[(或音)]誰[(俗音)]
ɕy,3,許詡栩鄦憮咻序緒暑黍墅鼠癙醑[(或音)]湑[(或音)]糈[(或音)]姁[(或音)]煦[(或音)]
ɕy,5,酗序緒煦昫姁藇腧樹澍尌裋豎𥪡庻戍㖅𡂡恕墅杼署曙叙[(或音)]絮[(或音)]鱮[(或音)]壻[(或音)]
ɕy,7,朮怵訹述術沭秫鉥畜[(異讀)]勖[(異讀)]旭[(異讀)]續[(異讀)]藚[(異讀)]戌[(或音)]壻[(或音)]洫[(或音)]恤[(或音)]
ȵy,3,女
ȵy,5,女
tʃɿ˗,1,之芝支枝吱肢鳷知蜘䝷祇氏泜胝袛脂耆榰搘卮巵梔
tʃɿ˗,2,池杝𩚉馳遲遟墀𡂙蚳坻持歭踟簃治箈篪竾
tʃɿ˗,3,止址阯芷沚祉趾只咫枳軹旨恉指耆徵黹峙歭畤庤㣥坻抵砥扺厎祇紙秪帋
tʃɿ˗,5,志痣誌鋕䏯識幟智知至致緻輊㮹郅制猘製淛治菭痔乿質懫瘈忮置寘直植𰤙晣摯鷙騺贄觶遲騭疐𢷟雉[(或音)]滯[(或音)]滍[(或音)]彘[(或音)]豸[(或音)]
tʃɿ˗,7,隻只汁織職熾樴幟跖蹠摭䗪直值植殖埴稙置寘犆質懫躓鑕櫍礩執縶蟄摯鷙騺贄姪侄桎厔蛆郅咥挃銍庢輊窒螲膣昵馽炙湜陟騭擲[(或音)]秩[(或音)]紩[(或音)]
tʃʰɿ˗,1,蚩嗤媸鴟癡痴摛螭魑黐笞抬齝絺瓻郗鍉匙眵胵褫彲
tʃʰɿ˗,2,馳[(俗音)]遲[(俗音)]持[(俗音)]
tʃʰɿ˗,3,侈哆移誃豉扡恥耻齒褫豸廌
tʃʰɿ˗,5,翅饎糦眙啻𥭊傺雉稚穉彘滯懘蹛迣𢷟窒膣𡑌[(或音)]
tʃʰɿ˗,7,喫吃尺呎蚇斥彳叱赤赩敕勅鶒飭秩帙抶袟紩柣昳袠豑擲躑擿蹢螫
ʃɿ˗,1,尸屍鳲詩邿施葹𦂛𠷇蓍眵
ʃɿ˗,2,時峕塒蒔鰣茌禔
ʃɿ˗,3,史使駛矢始屎𦳊豕弛阤施
ʃɿ˗,5,是諟示沶眎視氏眂舐豉施式拭栻試弑軾世貰市柿柹鈰侍恃筮噬澨逝誓勢嗜耆諡謚肂仕[(或音)]事[(或音)]
ʃɿ˗,7,失十什拾石碩祏鼫溼濕食蝕實寔湜室釋識適飾奭襫射液螫匙[(異讀)]蝨[(異讀)]
ɹ̠ɿ˗,7,日衵馹釰
tsɿ,1,孜咨諮姿次𢫴粢資趑茲兹滋孶嵫鎡鶿鷀嗞貲髭頿齜淄輜錙緇鯔椔菑吱耔鄑鼒齊𪗋齍之[(俗音)]知[(俗音)]支[(俗音)]
tsɿ,2,祠詞辭辞辤慈𥔵瓷甆茨粢餈茈遲[(俗音)]池[(俗音)]持[(俗音)]
tsɿ,3,子仔虸籽耔秄姊姉秭胏笫紫訾呰𥬳茈訿啙梓鋅滓止[(俗音)]紙[(俗音)]旨[(俗音)]
tsɿ,5,字牸𦍺眥眦胔骴柴孶漬胾積恣絘剚倳自庤痔峙畤跱寺巳祀塒蒔廁[(俗音)]至[(俗音)]治[(俗音)]
tsʰɿ,1,雌疵玼庛恣差薺訾[(俗音)]𫖠[(俗音)]癡[(俗音)]蚩[(俗音)]
tsʰɿ,2,鷀[(異讀)]祠[(俗音)]辭[(俗音)]慈[(俗音)]
tsʰɿ,3,此泚佌玼跐恥[(俗音)]齒[(俗音)]侈[(俗音)]
tsʰɿ,5,次佽栨朿刺莿㓨廁厠賜儩𰂭嗣[(俗音)]翅[(俗音)]雉[(俗音)]
sɿ,1,私厶司思偲緦颸罳鍶斯澌嘶撕廝厮𤺊蟖絲鷥𦸷虒禠蜤鋖釃螄師獅溮尸[(俗音)]詩[(俗音)]施[(俗音)]
sɿ,3,死使[(俗音)]始[(俗音)]屎[(俗音)]
sɿ,5,四泗駟柶似佀姒耜祀禩汜戺伺笥飼飤嗣食俟竢涘騃廁肆兕思澌僿士仕事使是[(俗音)]世[(俗音)]市[(俗音)]巳[(或音)]寺[(或音)]賜[(或音)]儩[(或音)]
ɑ,1,阿啊錒
ɑ,3,阿
ɑ,7,嗄阿
pɑ,1,巴芭笆粑疤杷琶妑羓爸豝葩鈀扒叭
pɑ,2,爬筢跁鈀耙扒
pɑ,3,把靶
pɑ,5,杷弝耙吧羓𥝧欛霸覇灞壩垻伯罷䆉稗[(俗音)]
pɑ,7,八捌哵伯[(或音)]北[(或音)]拔[(異讀)]跋[(異讀)]魃[(異讀)]
pʰɑ,1,趴葩
pʰɑ,2,爬[(俗音)]鈀[(俗音)]扒[(俗音)]
pʰɑ,3,拍
pʰɑ,5,怕
pʰɑ,7,拔坺犮茇跋鈸軷胈魃鼥拍[(或音)]帕[(或音)]魄[(或音)]箔[(或音)]
mɑ,1,媽嗎螞麼嬤𥉞
mɑ,2,麻蔴嘛痳蟆
mɑ,3,馬嗎螞瑪碼鎷𧜗
mɑ,5,罵駡禡螞蕒
mɑ,7,嚜抹瀎袜[(或音)]袙[(或音)]
fɑ,1,花華嘩蘤
fɑ,2,划找華樺譁嘩驊釫鋘
fɑ,5,化華崋樺畫画嫿劃獲擭話䛡摦槬踝
fɑ,7,法砝珐琺伐閥垡筏栰乏發醱髮罰滑猾搰螖
tɑ,3,打
tɑ,5,大汏
tɑ,7,答畣荅搭褡瘩𦖿剳妲怛呾笪靼䵣𦍒達噠韃薘繨鐽㿯鎉耷𨨹嗒[(或音)]鞳[(或音)]澾[(或音)]闥[(或音)]撻[(或音)]
tʰɑ,1,他佗她牠跛[(又音)]
tʰɑ,7,沓踏誻塌榻搨拓𤭼毾蹋𧪦鰨䌈遢鎉闒闟遝嚃塔嗒鞳澾撻闥躂䍇漯濕狧獺達[(異讀)]
lɑ,1,啦拿哪那
lɑ,2,拏拿哪藍[(異讀)]
lɑ,3,那哪
lɑ,5,那落[(異讀)]
lɑ,7,拉啦垃剌辣辢喇揦攋瘌鬎蝲搚蠟臘臈腊邋鑞納内呐訥肭衲鈉氝豽軜焫魶捺南枘[(俗音)]汭[(俗音)]芮[(俗音)]蜹[(俗音)]蚋[(俗音)]
kɑ,1,枷[(俗音)]袈[(俗音)]家[(俗音)]
kɑ,2,跏[(俗音)]
kɑ,3,假[(俗音)]賈[(俗音)]
kɑ,5,架[(俗音)]價[(俗音)]嫁[(俗音)]尬[(異讀)]
kɑ,7,嘎軋釓呷鉀[(俗音)]甲[(俗音)]夾[(俗音)]挾[(俗音)]
kʰɑ,1,咖揢哈
kʰɑ,3,卡
kʰɑ,5,胯[(俗音)]
kʰɑ,7,喀洽[(俗音)]掐[(俗音)]咳[(或音)]髂[(或音)]
ŋɑ,1,呀[(俗音)]哈[(語音)]
ŋɑ,2,𤘅[(俗音)]芽[(俗音)]牙[(俗音)]
ŋɑ,3,啞[(俗音)]雅[(俗音)]
ŋɑ,5,亞[(俗音)]咬[(俗音)]
ŋɑ,7,鴨[(俗音)]壓[(俗音)]
xɑ,1,哈疨蝦[(俗音)]
xɑ,2,蝦[(或音)]蛤[(或音)]
xɑ,3,哈
xɑ,5,下[(俗音)]夏[(俗音)]
xɑ,7,嚇[(俗音)]峽[(俗音)]狹[(俗音)]瞎[(俗音)]
tʃɑ/tsɑ,1,渣查揸楂柤樝皻齇槎髽喳遮[(或音)]
tʃɑ/tsɑ,2,茶搽查垞
tʃɑ/tsɑ,3,咱喒偺鮓者[(或音)]
tʃɑ/tsɑ,5,乍炸咋詐厏痄榨搾醡柵溠夎蜡䄍𣛽咤[(或音)]蔗[(語音兼叶音)]
tʃɑ/tsɑ,7,扎札紮紥軋炸煠蚱眨閘牐𦂉鍘哳𠍹劄雜襍匝帀咂砸拶㭮桚唼𠸝噆囋折[(或音)]這[(或音)]隻[(俗音)]
tʃʰɑ/tsʰɑ,1,叉扠杈差艖奓銟嗏車[(或音)]硨[(或音)]喳[(異讀)]
tʃʰɑ/tsʰɑ,2,槎[(異讀)]茶[(俗音)]搽[(俗音)]查[(俗音)]垞[(俗音)]
tʃʰɑ/tsʰɑ,3,扯[(或音)]哆[(或音)]
tʃʰɑ/tsʰɑ,5,汊衩䟕岔奼侘咤姹詫蜡[(異讀)]
tʃʰɑ/tsʰɑ,7,插挿鍤𠝞歃䅤臿𠚏刹扱爡察詧擦𮜨坼[(或音)]拆[(或音)]尺[(俗音)]
ʃɑ/sɑ,1,沙砂痧紗莎裟桬鯊猀䤬杉仨賒[(或音)]畬[(或音)]奢[(或音)]
ʃɑ/sɑ,2,蛇[(或音)]佘[(或音)]
ʃɑ/sɑ,3,儍傻啥𡂡灑洒舍[(或音)]耍[(俗音)]𠻦[(俗音)]
ʃɑ/sɑ,5,廈嗄舍[(或音)]射[(或音)]
ʃɑ/sɑ,7,殺鎩摋𥻦箑𦵉翣霎煞卅颯薩趿靸𩎕圾𢶍𪮫刷刹設[(或音)]石[(俗音)]失[(俗音)]歃[(異讀)]
iɑ,1,呀鴉鵶椏啞枒丫耶[(或音)]椰[(或音)]
iɑ,2,牙芽蚜齖琊衙涯崖厓爺[(或音)]鋣[(或音)]
iɑ,3,雅疋啞野[(或音)]也[(或音)]
iɑ,5,亞婭氬稏迓訝庌砑犽御輅夜[(或音)]
iɑ,7,押鴨軋圠揠掗壓嚈葉[(或音)]謁[(或音)]
piɑ,7,壁[(語音)]
pʰiɑ,7,劈[(語音)]
tiɑ,1,爹
tiɑ,2,提[(俗音)]
tiɑ,7,滴[(俗音)]
tʰiɑ,7,踢[(語音)]
liɑ,7,栗[(語音)]
tɕiɑ,1,加伽枷迦痂笳耞袈鉫珈跏嘉佳家傢葭豭
tɕiɑ,2,茄
tɕiɑ,3,賈檟榎假椵叚瘕嘏斝
tɕiɑ,5,價賈稼嫁架駕
tɕiɑ,7,夾裌袷浹莢鋏郟蛺頰梜筴鵊甲呷鉀胛岬鞈鞂恝嘎戛戞挾[(俗音)]峽[(俗音)]篋[(俗音)]
tsia,1,嗟[(或音)]
tsia,2,斜[(語音兼叶音)]
tsia,3,姐[(或音)]
tsia,5,借[(或音)]
tsia,7,節[(語音兼叶音)]
tɕʰiɑ,3,卡
tɕʰiɑ,7,恰洽帢跲祫掐
tsʰiɑ,7,緝[(俗音)]
ɕiɑ,1,蝦鰕𤹉谺
ɕiɑ,2,瑕遐蝦赮騢霞瘕
ɕiɑ,3,夏
ɕiɑ,5,夏廈厦下嗄暇罅𥕕
ɕiɑ,7,俠狹陿陜挾硤峽岬愜篋匣狎柙呷瞎轄鎋𤛉𤁳霅黠䕸頰[(又音)]蛺[(又音)]莢[(又音)]洽[(又音)]祫[(又音)]嚇[(又音)]
siɑ,1,些[(或音)]
siɑ,2,斜[(或音)]邪[(或音)]
siɑ,3,寫[(或音)]瀉[(或音)]
siɑ,5,卸[(或音)]謝[(或音)]榭[(語音兼叶音)]
siɑ,7,薛[(或音)]雪[(或音)]屑[(或音)]錫[(或音)]席[(或音)]
ȵiɑ,2,黏[(語音)]
uɑ,1,哇蛙鼃洼窪烓娃汙呱媧蝸騧剜
uɑ,2,娃
uɑ,3,瓦
uɑ,5,窊𠹁
uɑ,7,挖穵襪韈韤袜嗢腽噦斡滑[(俗音)]猾[(俗音)]
kuɑ,1,瓜蝸騧絓
kuɑ,3,剮寡
kuɑ,5,卦掛挂褂詿絓罣罫
kuɑ,7,刮括佸适聒筈䒷鴰颳栝桰𩬩摑嘓㶁虢[(或音)]國[(或音)]幗[(或音)]
kʰuɑ,1,夸誇姱喎咼
kʰuɑ,3,侉咵夸輠𠇗
kʰuɑ,5,胯骻跨銙髂
tʃuɑ/tɕyɑ,1,抓揸摣𠭯髽撾檛
tʃuɑ/tɕyɑ,2,瘸
ʃuɑ/ɕyɑ,3,耍𠻦灑
ʃuɑ/ɕyɑ,7,刷
yɑ,7,噦[(語音)]月[(叶音)]曰[(叶音)]
o,1,阿婀痾疴娿䋪䋍萵渦窩猧喎媧倭唩
o,2,俄娥涐哦蛾峨峩莪鵞鵝睋吪囮訛譌禾
o,3,哦猗婀娿我[(俗音)]嚄[(或音)]
o,5,餓卧臥涴
o,7,喔惡堊噁搕㷈𤎣𠥜姶
po,1,玻波菠啵碆番嶓磻坡[(或音)]
po,2,婆㜑鄱皤番
po,3,跛[(或音)]
po,5,播簸薄𠴸
po,7,脖哱餑搏博薄膊餺鎛簙欂礴鑮髆撥潑鱍發鮁醱𦪑蹳鏺襏剝䃗駮駁朴仢瓝瓟亳蔔擘鉢缽般骲謈㩧襮𧲐豰𠴸[(俗音)]白[(俗音)]帛[(俗音)]北[(俗音)]舶[(俗音)]鈸[(俗音)]踣[(俗音)]孛[(俗音)]渤[(俗音)]雹[(俗音)]
pʰo,1,坡頗陂波[(異讀)]
pʰo,2,婆[(俗音)]鄱[(俗音)]皤[(俗音)]
pʰo,3,叵尀頗跛
pʰo,5,破
pʰo,7,潑醱朴烞迫[(俗音)]柏[(俗音)]魄[(俗音)]
mo,1,摸
mo,2,模糢摹謨謩嫫蟆膜獏無橅摩麼麽磨蘑魔饝饃劘
mo,3,母姆姥鉧䥈
mo,5,磨暮莫墓募幕慕幙
mo,7,末抹沫茉秣靺袜眜妺帓袙沒歿歾莫寞漠膜瘼鄚瞙鏌驀邈𢷕藐木沐霂目苜鉬睦瞀楘鶩穆繆牧坶毣默[(俗音)]麥[(俗音)]陌[(俗音)]脈[(俗音)]
to,1,多哆
to,2,馱它佗沱陀跎紽鴕駝酡𨠑鮀䰿鼧驒鼉
to,3,朶朵垜躱埵癉嚲鬌
to,5,刴跥𮃄舵柁施沱沲炧𠛫惰墮堶媠嶞馱
to,7,奪掇裰敠剟度𡍨剫踱咄柮祋鐸[(或音)]凙[(或音)]
tʰo,1,它他牠佗拖拕訑詑
tʰo,2,沱[(俗音)]跎[(俗音)]馱[(俗音)]
tʰo,3,妥楕橢嚲哆
tʰo,5,唾毻
tʰo,7,托汑託𧘐飥侂侻税棁捝脱説𤿫柝跅魄度拓橐槖𩧐蘀籜鐸凙
lo,1,囉
lo,2,羅囉玀儸欏邏籮蘿鑼螺蠃蔂摞騾驘腡覼覶氌那挪娜梛哪挼捼難儺
lo,3,裸倮躶臝𧝹蠃累瘰卵蓏砢蠡娜餪儺暖煖
lo,5,些硦蓏烙懦糯穤稬哪
lo,7,咯洛烙珞硌袼絡鉻𩊚酪駱笿落雒樂濼躒擽犖諾
ko,1,哥歌謌戈菏鍋堝過撾渦
ko,3,舸哿果菓裹蜾輠錁猓
ko,5,個个箇過
ko,7,各閣擱骼鉻袼觡合閤蛤韐鴿頜敆佮葛轕輵噶割蓋郭椁槨崞𥕖鞟鞹霩角桷捔确觳較國[(俗音)]幗[(俗音)]虢[(俗音)]馘[(俗音)]郃[(俗音)]
kʰo,1,苛柯珂疴軻鈳牁科蝌窽窠稞𨗲簻
kʰo,3,可坷岢哿笴舸棵顆敤
kʰo,5,坷𣹇課騍
kʰo,7,殼𣪊壳𢡱𣓘㲉嗑溘榼搕𢾩磕瞌渴恪頦𤿩擴彍蛞闊濶廓漷㗥鞟鞹埆确確㩁𣙜碻毃敲涸斡壑
ŋo,2,峩[(俗音)]鵞[(俗音)]俄[(俗音)]
ŋo,3,我騀
ŋo,5,餓[(俗音)]卧[(俗音)]
ŋo,7,咢蕚愕鄂堮崿腭齶鍔諤鰐鱷𧍞遌鶚顎噩哈咹遻閼遏堨暍餲渥握偓幄腛喔齷沃鋈斡
xo,1,呵訶𣘨
xo,2,和龢何河荷盉遐
xo,3,火伙鈥夥輠
xo,5,何荷和賀貨禍旤縛
xo,7,合盒郃洽欱鉿曷褐蝎鶡喝鞨猲毼齃盍嗑蓋𣣹畫劃嫿害活括貉郝𤁹嗀越嗃熇謞翯鄗閤闔鶴霍藿隺𦞦臛矐蠖檴劐獲擭濩穫矱嚄鑊艧豁剨騞𥒐或惑謋濊壑斡縛蛤[(或音)]鴿[(或音)]
tʃo,1,𦗑[(俗音)]
tʃo,7,卓倬焯踔逴趠啅桌槕勺汋彴酌灼斲著着斫斮濁鐲琢諑啄涿㭬濯擢捉浞繳鷟捔禚穱欘
tso,3,左
tso,5,佐左坐座
tso,7,作昨怍柞酢胙阼𧙓葄笮筰捽𨯳濁鐲噣啄涿㭬琢諑瘃翟濯擢櫂斲捉浞桌槕捔禚燋穛穱欘卓[(俗音)]勺[(俗音)]酌[(俗音)]著[(俗音)]
tʃʰo,7,礿綽逴婥婼辵戳齪
tsʰo,1,搓磋蹉嵯瑳醝瘥鹺𪙉痤矬莏
tsʰo,3,脞挫瑳
tsʰo,5,措厝錯挫剉銼莝蓌磋怍柞酢胙阼祚𨯳
tsʰo,7,撮剒錯簎矠擉橇毳灂齪娖戳擢鷟矍攫彏戄玃蠼貜躩钁辵[(俗音)]綽[(俗音)]戳[(俗音)]
ʃo,5,傻[(俗音)]
ʃo,7,勺芍妁杓汋爍鑠碩灼仢朔[(或音)]槊[(或音)]帥[(或音)]率[(或音)]
so,1,唆梭𥭟鮻娑莎𠈱𥇇𥆝桫挱挲莏趖嗽傞蓑簑犧
so,3,所瑣璅鎖鏁嗩
so,7,索鎍𢱢䌇率蟀摔繂帥朔塑槊矟蒴㮶溯搠嗍數𤹵窣箾揱謖勺[(俗音)]爍[(俗音)]碩[(俗音)]
io,7,唷樂藥龠籥鑰瀹爚禴礿約葯喲岳嶽鸑躍趯若渃鄀箬
lio,7,略撂㨼剠掠擽
tɕio,7,腳脚角蹻屩桷[(或音)]捔[(或音)]傕[(或音)]玨[(或音)]覺[(或音)]
tsio,7,爵嚼爝穱皭
tɕʰio,7,卻却㕁覺傕玨㲄斠確[(或音)]恪[(或音)]
tsʰio,7,雀鵲碏皵踖
ɕio,7,學觳
sio,7,削
ȵio,7,弱搦蒻篛虐瘧謔
ə,1,阿[(異讀)]疴[(異讀)]屙[(異讀)]
ə,2,而洏耏栭輀胹鮞陑鴯兒訛[(異讀)]俄[(異讀)]峨[(異讀)]莪[(異讀)]
ə,3,耳洱珥䋙鉺駬餌衈爾尔邇汝[(俗音)]我[(異讀)]
ə,5,二弍貳樲膩佴刵鉺咡餓[(異讀)]俄[(異讀)]
ə,7,惡[(異讀)]堊[(異讀)]愕[(異讀)]遏[(異讀)]厄[(異讀)]額[(異讀)]
pə,7,白柏栢帛伯鉑百佰北鉢缽捭匐蔔僰擘蘗檗
pʰə,7,迫粕拍珀魄胉帕舶箔泊濼踣茇軷鈸魃匐[(俗音)]蔔[(俗音)]
mə,7,嚜墨默嘿纆𪒂陌袹貊貉莫驀貘脈脉眽覛衇霢霡麥䴲冒万末[(或音)]抹[(或音)]沫[(或音)]沒[(或音)]歿[(或音)]麼[(或音)]
tə,7,得德惪的[(異讀)]襶[(異讀)]
tʰə,7,特犆忒鋱忑慝螣貣貸
lə,7,肋仂氻阞扐勒鰳嘞泐埒捋哷酹鋝樂[(異讀)]垃[(異讀)]褦[(異讀)]
kə,7,格胳骼挌鉻觡肐虼疙紇革隔鬲槅膈嗝㗆鎘翮假搿哿[(異讀)]舸[(異讀)]哥[(異讀)]戈[(異讀)]各[(異讀)]葛[(異讀)]割[(異讀)]
kʰə,1,科[(異讀)]柯[(異讀)]
kʰə,3,顆[(異讀)]可[(異讀)]
kʰə,5,課[(異讀)]
kʰə,7,克剋尅氪刻咳欬頦緙客喀揢髂衉磕[(異讀)]殼[(異讀)]恪[(異讀)]
ŋə,7,厄阨阸扼㧖呃軛搤詻額䬵兀杌扤屼卼□
xə,1,訶[(異讀)]呵[(異讀)]
xə,2,何[(異讀)]荷[(異讀)]
xə,5,賀[(異讀)]和[(異讀)]
xə,7,黑劾核閡覈礉赫嚇翮紇齕犵嚄鉿曷[(異讀)]盍[(異讀)]郝[(異讀)]
tʃə,1,遮嗻
tʃə,3,者赭
tʃə,5,蔗鷓樜柘䗪這
tʃə,7,這折浙哲喆悊蜇𧋍䇽晢哳淛慴摺褶懾襵𤮱囁霅讋摭磔輒[(異讀)]轍[(異讀)]螫[(異讀)]蟄[(異讀)]著[(異讀)]窄[(或音)]摘[(或音)]謫[(或音)]
tsə,7,則側鰂賊責嘖幘簀賾窄舴咋柞笮筰蚱齚虴仄昃庂唶齰𢫰摘謫讁磔翟廁[(或音)]畟[(或音)]這[(俗音)]折[(俗音)]摺[(俗音)]澤[(或音)]擇[(或音)]
tʃʰə,1,車硨蛼尺
tʃʰə,3,扯撦哆
tʃʰə,7,徹澈撤轍𠾀輒輙𦛖鮿屮瘈硩掣詀呫䚢喢拆[(或音)]坼[(或音)]
tsʰə,7,測惻廁䇿策筴册冊栅畟矠擇澤襗坼拆𡍩宅徹[(或音)]輒[(或音)]
ʃə,1,奢賒畲畬輋檨
ʃə,2,佘蛇虵甚[(異讀)]
ʃə,3,捨舍
ʃə,5,舍猞社射麝䠶舐赦貰厙
ʃə,7,舌設攝灄懾葉揲歙𢗗涉折[(異讀)]拾[(異讀)]
sə,7,色銫嗇穡濇轖澀歰□澁譅塞瑟璱愬蝨虱摵槭骰舌[(俗音)]設[(俗音)]涉[(俗音)]圾[(異讀)]
ɹ̠ə,3,惹若喏偌
ɹ̠ə,7,𤍠
kuə,7,國摑幗蟈嘓膕馘虢㶁
ie,1,耶椰㭨邪捓揶琊瑘鋣峫
ie,2,爺耶邪捓琊鎁峫
ie,3,也釶野埜冶
ie,5,夜射敥
ie,7,葉鍱偞頁謁暍厭𥣘靨擪魘曄燁爗咽啞腌𦛞饁擖𠉪噎饐乙鳦凹
pie,1,逼[(俗音)]
pie,3,扁[(俗音)]
pie,7,屄[(俗音)]別[(異讀)]蹩[(異讀)]鼈[(異讀)]
pʰie,3,蹩痞苤[(異讀)]
pʰie,7,撇瞥別憋彆撆嫳鷩蹩鼈鱉潎癟㿜
mie,1,芈哶咩咪蛘𥄲乜
mie,7,滅搣蔑篾衊蠛
tie,1,爹
tie,7,堞喋碟牒諜蝶蜨蹀揲惵渫楪鰈艓韘䚢鍱𠝝䐑屧墆迭瓞昳跌軼胅柣詄垤咥絰耋螲褶慴疉曡叠㲲跕
tʰie,7,貼帖怗呫跕沾餮鐵䥫銕鉄驖蝶[(俗音)]喋[(俗音)]碟[(俗音)]諜[(俗音)]
lie,7,列冽烈裂洌劽茢栵鴷咧蛚捩棙劣獵躐鬣擸埒哷鋝哩呢
ȵie,7,臬臲闑鎳聶囁顳躡讘鑷涅湼捏捻陧齧囓嚙薾苶籋蘖櫱枿□孼孽蠥摰𧁈槷敜踂矢㚔業鄴讞钀齾熱[(俗音)]
tɕie,1,皆[(異讀)]堦[(異讀)]街[(異讀)]嗟[(俗音)]
tɕie,2,茄伽
tɕie,3,解[(異讀)]姐[(俗音)]姊[(俗音)]
tɕie,5,介[(異讀)]戒[(異讀)]屆[(異讀)]借[(俗音)]藉[(俗音)]
tɕie,7,揭偈碣竭楬羯竭桔結詰劼袺蛣鮚拮髻秸稭頡擷襭纈䕸黠刦劫刧刼蜐孑𥾌衱袷訐紒絜挈潔恝吃桀傑捷[(異讀)]睫[(異讀)]節[(俗音)]癤[(俗音)]接[(俗音)]
tsie,1,嗟
tsie,3,姐毑
tsie,5,借藉耤唶褯
tsie,7,接椄節櫛癤楖蝍截絶蕝啑[(異讀)]捷[(異讀)]睫[(異讀)]
tɕʰie,2,茄[(俗音)]伽[(俗音)]
tɕʰie,3,且[(俗音)]
tɕʰie,7,怯契挈絜揳鍥慊渴朅竭桀傑榤杰磔[(俗音)]愜[(異讀)]篋[(異讀)]切[(俗音)]妾[(俗音)]竊[(俗音)]
tsʰie,3,且
tsʰie,7,切竊窃妾踥啑倢婕捷睫箑截
ɕie,1,些[(俗音)]
ɕie,2,鞋[(異讀)]偕[(異讀)]斜[(俗音)]邪[(俗音)]
ɕie,3,蟹[(異讀)]寫[(俗音)]
ɕie,5,邂[(異讀)]薤[(異讀)]卸[(俗音)]謝[(俗音)]榭[(俗音)]
ɕie,7,協恊愶脅脇嗋勰叶歇蠍蝎猲血洫淢烕穴泬挾[(異讀)]頡[(異讀)]擷[(異讀)]襭[(異讀)]絜[(異讀)]楔[(俗音)]泄[(俗音)]燮[(俗音)]屑[(俗音)]
sie,1,些
sie,2,斜邪衺
sie,3,寫瀉䥱藛炧灺
sie,5,卸謝榭
sie,7,泄洩渫媟屧屟疶紲絏緤齛絏拽屑𡎮薛辥躠燮躞褻暬爇衵偰契楔焫㳿𥜽雪鱈
ye,5,鋭[(俗音)]耀[(異讀)]曜[(異讀)]
ye,7,曰月刖玥抈悦説閲鉞戉狘越樾𧑅粤噦熱樂[(異讀)]龠[(異讀)]約[(異讀)]岳[(異讀)]
tɕye,1,追[(俗音)]椎[(俗音)]隹[(俗音)]
tɕye,2,垂[(俗音)]腄[(俗音)]搥[(俗音)]
tɕye,5,綴[(俗音)]墜[(俗音)]贅[(俗音)]
tɕye,7,決决抉刔玦訣觖鴃鴂駃趹倔屈掘崛𩭪厥瘚劂蕨獗橛橜鱖蹶蹷蟨撅嶡闕噘狊湨郹鵙鶪獝潏鐍譎觼準孓噱臄拙茁絀䘿咄棁啜惙掇輟綴畷餟錣剟醊歠絕[(異讀)]蕝[(異讀)]爵[(異讀)]爝[(異讀)]脚[(異讀)]𪨗[(異讀)]玨[(異讀)]覺[(異讀)]矍[(異讀)]攫[(異讀)]角[(異讀)]桷[(異讀)]
tɕʰye,1,吹[(俗音)]炊[(俗音)]
tɕʰye,2,瘸[(俗音)]
tɕʰye,5,吹[(俗音)]
tɕʰye,7,缺闕闋觖[(俗音)]怯[(異讀)]卻[(異讀)]碏[(異讀)]確[(異讀)]埆[(異讀)]鵲[(異讀)]雀[(異讀)]
ɕye,1,靴鞾
ɕye,2,誰[(俗音)]
ɕye,3,水[(俗音)]
ɕye,5,説税[(俗音)]瑞[(俗音)]睿[(俗音)]
ɕye,7,説吷學[(異讀)]覺[(異讀)]削[(異讀)]穴[(俗音)]血[(俗音)]雪[(俗音)]薛[(俗音)]
aɪ,1,唉欸哀[(異讀)]挨[(異讀)]埃[(異讀)]
aɪ,2,呆[(異讀)]皚[(異讀)]堐[(異讀)]
aɪ,3,哎噯欸矮[(異讀)]藹[(異讀)]
aɪ,5,艾[(異讀)]愛[(異讀)]碍[(異讀)]隘[(異讀)]
paɪ,1,䠋
paɪ,2,排俳徘棑牌簰箄篺
paɪ,3,擺襬捭猈百[(異讀)]柏[(異讀)]伯[(異讀)]
paɪ,5,敗唄拜湃稗粺憊
pʰaɪ,2,排[(俗音)]牌[(俗音)]徘[(俗音)]
pʰaɪ,5,派𠂢淠湃
maɪ,2,埋薶霾
maɪ,3,買蕒嘪
maɪ,5,賣佅邁勱
faɪ,2,懷褱櫰褢槐淮徊佪
faɪ,5,壞
taɪ,1,獃呆
taɪ,2,台苔邰跆炱駘鮐鈶颱臺䑓台擡抬檯枱薹儓籉
taɪ,3,歹逮紿詒
taɪ,5,代袋貸岱帒玳瑇黛待帶迨怠殆駘逮埭棣隶靆戴襶大[(俗音)]
tʰaɪ,1,胎苔
tʰaɪ,2,台[(俗音)]抬[(俗音)]臺[(俗音)]
tʰaɪ,3,奤
tʰaɪ,5,太大忲汰鈦泰態
laɪ,1,㾍孻
laɪ,2,來徠淶倈崍萊郲猍鯠騋錸
laɪ,3,乃迺廼奶嬭妳扔釢
laɪ,5,來睞𧶘勑徠賴瀨籟癩藾糲奈柰耐耏能褦鼐
kaɪ,1,垓陔該賅荄痎磑街皆偕喈階堦湝稭䕸薢
kaɪ,3,改解檞
kaɪ,5,蓋丐匄鈣戤介价芥玠疥界蚧骱岕尬齘䯰屆解戒誡械㕢溉[(或音)]概[(或音)]
kʰaɪ,1,開鐦揩□
kʰaɪ,3,楷鍇豈愷凱剴塏鎧闓肯慨
kʰaɪ,5,咳欬顗愒愾慨嘅溉概摡
ŋaɪ,1,哀挨埃娭
ŋaɪ,2,獃呆騃挨埃皚捱崖厓睚啀巖岩喦碞癌
ŋaɪ,3,矮藹靄乃
ŋaɪ,5,艾愛嬡曖僾薆靉鑀礙碍隘嗌餲噫磑壒
xaɪ,2,孩骸咳頦咍還鞋鞵偕諧龤
xaɪ,3,海醢駭咳夥駴蟹澥獬薢
xaɪ,5,亥氦害嗐解懈廨𪠘嶰邂獬澥薤瀣㕢
tʃaɪ/tsaɪ,1,齋齊災灾葘烖哉栽
tʃaɪ/tsaɪ,2,柴祡㾹茈齜儕豺才材財裁纔
tʃaɪ/tsaɪ,3,宰縡崽仔囝載廌豸
tʃaɪ/tsaɪ,5,債責寨砦瘵眥眦在再載儎
tʃaɪ/tsaɪ,7,□[(異讀)]翟[(異讀)]擇[(異讀)]宅[(異讀)]
tʃʰaɪ/tsʰaɪ,1,釵差猜拆[(異讀)]
tʃʰaɪ/tsʰaɪ,2,柴[(俗音)]豺[(俗音)]儕[(俗音)]才[(俗音)]裁[(俗音)]
tʃʰaɪ/tsʰaɪ,3,茝采採彩綵睬宷跴踹冊[(異讀)]
tʃʰaɪ/tsʰaɪ,5,蠆瘥差慸蔕𨅎菜采埰祭蔡縩
ʃaɪ/saɪ,1,篩籭簁顋腮鰓思偲䰄□罳毸毢
ʃaɪ/saɪ,3,灑洒纚摔[(俗音)]甩[(俗音)]
ʃaɪ/saɪ,5,曬晒殺鎩賽塞寨
uaɪ,1,歪舀[(異讀)]
uaɪ,5,外
kuaɪ,1,乖
kuaɪ,3,拐柺罫踝
kuaɪ,5,怪夬
kʰuaɪ,3,蒯塊傀凷擓
kʰuaɪ,5,快筷駃會儈獪檜噲澮巜劊膾鄶薈禬襘旝鱠廥𥲖喟
tʃʰuaɪ/tɕʰyaɪ,3,揣踹
tʃʰuaɪ/tɕʰyaɪ,5,嘬蠆
ʃuaɪ/ɕyaɪ,1,衰
ʃuaɪ/ɕyaɪ,2,誰[(或音)]
ʃuaɪ/ɕyaɪ,3,摔甩
ʃuaɪ/ɕyaɪ,5,帥率蟀[(異讀)]
pɘɪ,1,卑碑庳椑痺箄萆蓖悲杯盃桮背陂詖俾[(異讀)]
pɘɪ,2,培陪賠裴坏
pɘɪ,5,貝唄狽鋇梖贔賁費倍蓓焙𤊷備憊糒鞴韛被褙背偝北邶輩琲痱婢奰孛悖誖薜避臂嬖辟坒陛梐狴庳萆敝蔽弊獘幣斃鷩鄨閉篦比庇芘毖沘泌柲袐秘苾閟䪐庀陂跛詖鞁骳髲畀痹僻
pʰɘɪ,1,坏柸胚肧醅丕㔻伾邳狉豾秠駓披[(俗音)]
pʰɘɪ,2,培[(俗音)]裴[(俗音)]陪[(俗音)]
pʰɘɪ,3,呸
pʰɘɪ,5,配妃佩珮轡肺沛旆斾霈茷淠浿譬辟帔潎媲孛[(或音)]悖[(或音)]誖[(或音)]
mɘɪ,1,黣
mɘɪ,2,枚玫眉嵋楣湄郿煤媒禖梅槑楳某苺莓酶鉧脢霉黴脄迷謎麋麛冞糜靡縻蘼劘𪎭釄醾彌瀰濔禰獼沒[(或音)]
mɘɪ,3,美渼鎂每浼媺
mɘɪ,5,妹沬昧眛寐魅韎𥞊袂痗脢謎瑁媚鬽襼
fɘɪ,1,非扉菲啡騑霏痱緋馡蜚匪誹飛妃灰詼恢悝揮輝暉煇楎翬撝麾虺豗隳堕禕睢徽
fɘɪ,2,肥淝蜰腓回囬迴廻洄徊佪茴蛔痐蛕蚘
fɘɪ,3,匪斐悱菲蜚翡誹棐榧筐琲朏賄毁燬虺虫悔
fɘɪ,5,肺芾費沸狒疿怫痱剕厞屝䠊吠廢癈茷𣏕誨晦會薈燴繪卉恚彗慧篲槥嘒暳轊惠蕙蟪穗繐憓鏸譓穢劌薉濊噦翽𧴖顪諱喙䜋繢靧頮匯滙𢑥潰[(異讀)]闠[(異讀)]
tɘɪ,1,堆敦追
tɘɪ,2,頹㿗穨隤尵魋
tɘɪ,3,躉得[(異讀)]
tɘɪ,5,對𠏮懟轛兑駾碓隊祋敦鐓錞憝譈
tʰɘɪ,1,推蓷焞
tʰɘɪ,2,頹[(俗音)]隤[(俗音)]
tʰɘɪ,3,腿骽𮪭
tʰɘɪ,5,退蜕税
lɘɪ,2,雷擂蕾鐳嫘縲累樏藟攂罍纍虆𢺢蘽櫑羸
lɘɪ,3,蕾癗累絫壘樏儡藟礧灅㶟櫑㒦𦢏磊類餒餧鮾鯘呂侶郘鋁屢
lɘɪ,5,類𩔫纇累擂礧雷礌纍耒洡䣂誄淚泪酹𢑥慮濾儢勴内氝汭芮枘笍蜹蚋
kɘɪ,7,這[(語音)]
tsɘɪ,1,檇觜蟕朘
tsɘɪ,2,賊
tsɘɪ,3,嘴觜
tsɘɪ,5,罪辠最蕞醉晬綷足檇
tsɘɪ,,這[(語音)]
tsʰɘɪ,1,崔催摧璀漼縗衰榱洒
tsʰɘɪ,5,啐悴淬倅焠瘁碎萃粹睟誶綷顇膵翠臎踤脆脺脃漼毳橇
sɘɪ,1,雖睢綏荽眭尿
sɘɪ,2,隋隨随㵦
sɘɪ,3,隨[(俗音)]巂[(俗音)]
sɘɪ,5,遂隧燧𤎩檖穟璲襚鐩繸邃𣄚祟啐碎誶晬歲歳繀穗繐
uɘɪ,1,威葳崴喴蝛楲委倭逶萎緌痿偎煨隈渨喂揋癐蕤甤
uɘɪ,2,韋違湋褘幃闈圍葦帷惟唯維濰為溈鄬嵬隗巍圩微薇危鮠鮰桅壝
uɘɪ,3,偉葦瑋煒緯暐韙韡委諉痿尾娓隗嵬寪蒍䦱蘤喂猥唯趡洧鮪痏骫𨘏頠烜亹沇壝蕊蘂蕋繠
uɘɪ,5,未味菋鮇為偽位遺壝畏餵餧喂胃謂蝟猬媦渭尉蔚慰霨熨褽罻魏衞衛躛讏𧍫䗽蜼穢
kuɘɪ,1,圭珪閨邽硅鮭袿歸䢜皈規槼摫槻䂓傀騩瑰瓌龜溈媯
kuɘɪ,2,葵揆暌騤戣睽馗逵夔
kuɘɪ,3,詭姽佹垝陒庋庪氿宄軌匭𩓚鬼晷簋巋
kuɘɪ,5,桂溎櫃柜貴匱瑰𦞙癸劌鱖撅蹶檜[(或音)]劊[(或音)]跪[(或音)]
kʰuɘɪ,1,虧亏窺闚巋刲悝盔魁奎
kʰuɘɪ,2,葵[(俗音)]馗[(俗音)]逵[(俗音)]
kʰuɘɪ,3,跬頍蹞𩓚傀跪揆[(異讀)]
kʰuɘɪ,5,愧媿騤餽饋潰憒聵蕢簣匱瞶闠鞼歸巋喟
tʃuɘɪ/tɕyɘɪ,1,追鎚隹椎錐鵻騅
tʃuɘɪ/tɕyɘɪ,2,垂陲箠倕錘捶棰鎚槌搥椎圌
tʃuɘɪ/tɕyɘɪ,5,綴餟醊畷縋膇墜隊贅惴硾箠錘菙甀諈
tʃʰuɘɪ/tɕʰyɘɪ,1,吹龡炊
tʃʰuɘɪ/tɕʰyɘɪ,2,垂[(俗音)]槌[(俗音)]
tʃʰuɘɪ/tɕʰyɘɪ,5,吹出
ʃuɘɪ/ɕyɘɪ,2,誰
ʃuɘɪ/ɕyɘɪ,3,水𥫸
ʃuɘɪ/ɕyɘɪ,5,税説帨蜕捝涚裞睡瑞睿叡
yɘɪ,5,鋭睿叡蕤[(異讀)]甤[(異讀)]蕊[(異讀)]枘[(異讀)]芮[(異讀)]汭[(異讀)]瑞[(異讀)]
pɑʊ,1,包胞苞疱枹鞄襃褒剝[(異讀)]
pɑʊ,2,袍咆庖刨炰炮跑鞄颮瓟麅麃瓠謈
pɑʊ,3,保呆堡葆緥褓飽寶寳鴇
pɑʊ,5,刨鉋鑤鮑抱虣雹菢𣭚袌齙報豹趵暴爆煲儤瀑
pʰɑʊ,1,抛泡脬
pʰɑʊ,2,袍[(俗音)]瓠[(俗音)]
pʰɑʊ,3,跑
pʰɑʊ,5,砲礮炮泡靤皰䶌疱雹𣕅奅
mɑʊ,1,貓猫摸[(異讀)]
mɑʊ,2,毛牦芼髦旄矛茅蟊蝥媌錨犛
mɑʊ,3,卯昴泖茆
mɑʊ,5,冒冐帽瑁媢艒毷眊芼耄旄貌䫉皃貿[(異讀)]茂[(異讀)]
tɑʊ,1,刀忉叨舠
tɑʊ,2,桃逃咷洮駣鼗鞉鞀𤵟匋萄淘陶啕綯騊掏鋾濤檮翿幬燾
tɑʊ,3,倒㠀島擣搗禱壔裯
tɑʊ,5,到倒道衟導稻蹈盜幬燾翿纛悼
tʰɑʊ,1,滔韜縚慆幍謟叨洮挑弢絛縧饕䬢
tʰɑʊ,2,桃[(俗音)]陶[(俗音)]濤[(俗音)]
tʰɑʊ,3,討
tʰɑʊ,5,套
lɑʊ,2,勞嘮癆撈𤎤澇牢醪潦㖿撓猱怓呶峱硇㺜獿臑橈鐃[(異讀)]譊[(異讀)]
lɑʊ,3,老姥栳狫銠佬恅荖潦橑獠䝤轑䕩惱腦瑙碯
lɑʊ,5,勞澇憦嫪鬧閙淖臑橈撓獶烙[(異讀)]落[(異讀)]絡[(異讀)]
kɑʊ,1,高篙膏羔糕餻皋臯橰睾咎櫜鼛膠轇
kɑʊ,3,槁槀稿藳稾縞暠皜鎬滈杲攪
kɑʊ,5,告誥郜鋯膏窖
kʰɑʊ,1,尻鄗敲磽墝塙橇骹
kʰɑʊ,3,考攷拷栲烤熇燺薧
kʰɑʊ,5,靠犒銬
ŋɑʊ,1,坳㘭凹熬
ŋɑʊ,2,□敖獒熬嗷嗸廒厫磝摮滶遨聱螯璈驁鏊鼇鰲謷𨅚翺鏖爊䥝
ŋɑʊ,3,襖袄媼拗䴠咬齩嚙
ŋɑʊ,5,傲敖謷鏊𨫼奥澳懊墺隩擙鐭坳㘭靿扷扻夭奡樂
xɑʊ,1,蒿嚆薅鎒
xɑʊ,2,豪嚎濠壕㩝蠔毫籇號唬嘷獋鶴[(異讀)]貉[(異讀)]
xɑʊ,3,好郝[(異讀)]
xɑʊ,5,號好耗秏㘪浩澔晧皓暠皥曍暤顥灝昊皜鎬滈鄗藃涸[(異讀)]
tʃɑʊ,1,招昭炤釗朝著[(異讀)]
tʃɑʊ,2,朝潮嘲晁鼂啁巢[(或音)]鄛[(或音)]
tʃɑʊ,3,沼找爪笊
tʃɑʊ,5,召炤照詔兆銚旐垗駣曌瞾趙肇𦋐棹[(或音)]櫂[(或音)]
tsɑʊ,1,糟遭㯥灱
tsɑʊ,2,曹漕槽螬慒嘈䏆䐬艚巢鄛轈漅樔
tsɑʊ,3,早𠕖蚤𧎮澡藻薻璪繰棗爪抓笊找璅
tsɑʊ,5,皁皂唣竈灶週𦋐造[(或音)]躁[(或音)]噪[(或音)]
tʃʰɑʊ,1,超弨抄鈔耖𤰬𠞰
tʃʰɑʊ,2,朝[(俗音)]啁[(俗音)]晁[(俗音)]
tʃʰɑʊ,3,吵炒麨煼謅
tsʰɑʊ,1,操𢮥抄鈔耖𤰬訬𠞰
tsʰɑʊ,2,巢[(俗音)]摷[(俗音)]曹[(俗音)]漕[(俗音)]
tsʰɑʊ,3,草艸騲懆慅吵炒麨煼謅
tsʰɑʊ,5,造艁糙慥簉躁燥噪譟趮操懆鄵肏[(又音)]
ʃɑʊ,1,焼梢筲䈰捎弰艄蛸綃䈾鞘髾𨈘槮
ʃɑʊ,2,韶招勺[(異讀)]杓[(異讀)]芍[(異讀)]
ʃɑʊ,3,少稍
ʃɑʊ,5,少紹劭邵卲佋袑召哨潲
sɑʊ,1,搔騷颾慅繅艘𣔱臊梢筲䈰捎弰艄蛸綃䈾鞘髾𨈘槮
sɑʊ,3,掃埽稍
sɑʊ,5,掃埽瘙潲哨燥[(或音)]譟[(或音)]氉[(或音)]
ɹ̠ɑʊ,2,饒嬈襓譊蕘
ɹ̠ɑʊ,3,擾嬈繞遶
iɑʊ,1,夭妖祅要腰喓葽幺么吆邀徼喲[(異讀)]
iɑʊ,2,摇遥謡猺徭傜瑶繇颻愮媱鰩窰窯窑陶姚珧銚洮軺褕揄𢋇堯僥嶢垚饒蕘嬈蟯襓橈鐃譊肴[(異讀)]殽[(異讀)]崤[(異讀)]爻[(異讀)]
iɑʊ,3,夭殀舀杳㴭窅偠騕鷕嬈皛㝔宎窔䴠咬齩嚙拗抝窈
iɑʊ,5,曜耀燿要鷂樂[(異讀)]藥[(異讀)]鑰[(異讀)]瘧[(異讀)]
piɑʊ,1,標鏢䅺熛瘭膘摽麃儦瀌鑣臕穮彪滮飊飚猋䁃髟杓
piɑʊ,2,瓢嫖薸
piɑʊ,3,表錶裱婊俵
piɑʊ,5,鰾[(異讀)]
pʰiɑʊ,1,漂飄飃螵嘌摽票彯幖僄瘭慓剽薸
pʰiɑʊ,2,瓢[(俗音)]嫖[(俗音)]
pʰiɑʊ,3,殍莩漂瞟褾剽㟽縹摽醥皫
pʰiɑʊ,5,票摽剽漂驃鰾
miɑʊ,1,喵
miɑʊ,2,苗描瞄貓猫錨䖢
miɑʊ,3,杪秒眇渺緲媌訬藐邈淼杳窈窅㴭鷕
miɑʊ,5,妙玅廟庿繆謬
tiɑʊ,1,刁𠚻貂鼦𦨣𦩍凋雕㓮琱鵰彫碉鯛敦
tiɑʊ,2,條鞗鰷笤苕迢岧髫齠齔調蜩佻銚
tiɑʊ,3,屌鳥誂
tiɑʊ,5,弔𥾯伄吊釣䄪踔掉趠調誂銚窵蓧窱藋嬥櫂棹悼淖
tʰiɑʊ,1,挑祧恌𠛪抭
tʰiɑʊ,2,條[(俗音)]迢[(俗音)]調[(俗音)]
tʰiɑʊ,3,挑窕斢
tʰiɑʊ,5,跳眺朓脁艞頫糶粜
liɑʊ,2,撩僚嘹潦療寮遼獠鐐嫽膫憭橑燎鷯簝翏飂寥瘳豂敹膋聊
liɑʊ,3,了𧘈釕僚燎憭瞭嫽繚繆蓼
liɑʊ,5,撩燎嘹嫪翏廖𪖷鄝料撂
tɕiɑʊ,1,交郊茭蛟鮫姣跤鵁咬嬌獢喬驕憍鱎鷮徼儌僥澆艽教轇摎膠焦[(俗音)]椒[(俗音)]
tɕiɑʊ,2,喬僑橋礄蕎趫翹𧄍荍憔[(俗音)]樵[(俗音)]
tɕiɑʊ,3,狡皎餃佼鉸絞筊恔姣咬齩矯撟蹻蟜嶠敽䚩鱎譑繳皦僥攪糾㽱脚[(異讀)]角[(異讀)]𠞰[(俗音)]湫[(俗音)]
tɕiɑʊ,5,叫呌校珓筊挍較斠訆噭徼敫譥轎嶠撟嘂教覺斅藠窖噍[(俗音)]嚼[(俗音)]
tsiɑʊ,1,焦鷦礁蕉僬噍嶕燋膲撨鐎椒
tsiɑʊ,2,樵瞧憔顦譙嶕焦燋
tsiɑʊ,3,𠞰剿勦劋
tsiɑʊ,5,醮僬噍嚼釂皭爝灂趭𥛲礁
tɕʰiɑʊ,1,蹺趬撬墝[(或音)]鍫[(俗音)]
tɕʰiɑʊ,2,翹[(俗音)]橋[(俗音)]喬[(俗音)]樵[(俗音)]憔[(俗音)]
tɕʰiɑʊ,3,巧雀[(異讀)]鵲[(異讀)]悄[(俗音)]愀[(俗音)]
tɕʰiɑʊ,5,竅獟𪖑俏[(俗音)]峭[(俗音)]
tsʰiɑʊ,1,鍫鏒幧
tsʰiɑʊ,2,樵[(俗音)]憔[(俗音)]
tsʰiɑʊ,3,悄愀
tsʰiɑʊ,5,俏峭誚陗帩鞘韒譙
ɕiɑʊ,1,枵鴞哮痚嘵驍僥蹺髐膮梟鄡嘐𢶑囂嚻獢嗃歊烋虓猇宵[(俗音)]蕭[(俗音)]嚆[(異讀)]
ɕiɑʊ,2,姣校洨絞爻䂚肴餚淆殽崤學[(異讀)]
ɕiɑʊ,3,曉筱[(俗音)]小[(俗音)]謏[(俗音)]
ɕiɑʊ,5,效効傚校恔斅孝酵殽嗃謞肖[(俗音)]笑[(俗音)]
siɑʊ,1,宵消逍硝銷痟肖霄綃蛸魈箾揱縿蕭簫蠨瀟橚翛莦
siɑʊ,3,筱篠小謏
siɑʊ,5,肖嘯歗笑咲鞘韒
ȵiɑʊ,2,譊[(俗音)]鐃[(俗音)]
ȵiɑʊ,3,鳥蔦䙚嬝嫋嬲褭㒟
ȵiɑʊ,5,溺尿𪖐
pɵʊ,2,抔掊□裒
pʰɵʊ,2,抔[(俗音)]掊[(俗音)]裒[(俗音)]
pʰɵʊ,3,剖瓿掊棓踣培部篰
mɵʊ,2,牟侔眸蛑麰謀繆矛雺鍪瞀鞪蝥蟊髳
mɵʊ,3,某牡畝畆畮母拇
mɵʊ,5,袤愗瞀茂楙懋姆貿鄮戊
tɵʊ,1,都嘟闍兜篼𣘛㨮吺
tɵʊ,2,頭投骰牏途涂塗荼稌梌鵌駼酴𨢬屠瘏菟徒圖
tɵʊ,3,斗抖蚪阧枓陡肚賭睹覩堵陼稌
tɵʊ,5,豆荳痘逗脰鋀餖浢瀆讀竇窬鬬鬥杜度渡鍍踱蠹蠧螙斁妒妬
tɵʊ,7,獨韣襡髑讀牘瀆凟嬻櫝匵殰韇鑟犢贕讟黷篤督毒碡纛裻頓
tʰɵʊ,1,偷媮鍮
tʰɵʊ,2,途[(俗音)]荼[(俗音)]圖[(俗音)]投[(俗音)]頭[(俗音)]
tʰɵʊ,3,黈土吐㪗
tʰɵʊ,5,透兔菟堍吐唾[(異讀)]
tʰɵʊ,7,秃鵚鋵凸突揬腯
lɵʊ,1,摟𨫒
lɵʊ,2,婁摟廔樓漊塿嘍僂蔞螻慺寠耬䝏瘻鞻髏鏤漏盧𠫂壚瀘櫨爐鑪嚧罏矑纑轤艫蘆籚鱸臚驢鸕顱玈
lɵʊ,3,摟塿簍嶁婁漊魯嚕櫓艪鑥氌虜擄㯭艣鐪鹵滷磠樐褸縷努弩砮
lɵʊ,5,漏瘺僂鏤瘻陋𨫒路潞璐𤢊露鷺簬輅賂耨鎒怒
lɵʊ,7,鹿漉簏䍡樚轆膔麓摝祿碌淥琭娽逯綠𦪇錄騄醁盝睩氯籙菉箓僇戮勠磟蓼穋稑陸六甪角
kɵʊ,1,勾句鈎鉤岣軥袧溝篝搆褠鞲韝簼鬮
kɵʊ,3,苟狗枸岣笱耇耉
kɵʊ,5,够夠雊句拘垢逅詬訽姤冓構搆媾購遘傋覯㗕彀㝅鷇
kʰɵʊ,1,摳彄瞘剾眗芤
kʰɵʊ,3,口釦
kʰɵʊ,5,叩敂扣釦寇宼蔻簆滱怐鷇
ŋɵʊ,1,歐毆膒謳嘔甌區漚鷗櫙瞘䙔吽緱
ŋɵʊ,3,偶耦藕腢嘔
ŋɵʊ,5,漚慪
xɵʊ,1,齁呴
xɵʊ,2,侯矦喉猴篌鍭睺餱糇瘊䞀鄇緱不芣罘紑浮蜉桴罦稃涪枹
xɵʊ,3,吼犼呴不否缶
xɵʊ,5,后垕郈逅銗缿候堠鄇厚後𨒥鱟復覆偩阜
tʃɵʊ,1,州洲舟侜輈周賙週啁輖譸𥂕
tʃɵʊ,2,惆稠裯綢椆𥺝紬儔疇醻躊幬籌魗售仇酬讐讎犨畜愁[(或音)]鋤[(或音)]芻[(或音)]
tʃɵʊ,3,肘帚箒
tʃɵʊ,5,宙呪咒冑胄紂酎晝咮噣祝籀繇皺[(或音)]縐[(或音)]
tʃɵʊ,7,粥鬻竹竺燭爥蠋蜀躅斀䪅韣筑築篫㧬屬囑劚矚曯爥钃欘斸柷祝㖄喌朮[(或音)]逐[(或音)]柚[(或音)]妯[(或音)]
tsɵʊ,1,陬郰鄹掫諏菆緅棸鯫鄒媰騶租蒩舟[(俗音)]州[(俗音)]周[(俗音)]
tsɵʊ,2,鋤鉏耡芻蒭雛狙殂稠[(俗音)]儔[(俗音)]
tsɵʊ,3,走掫祖阻組俎爼珇沮詛跙謯肘[(俗音)]帚[(俗音)]
tsɵʊ,5,驟𢷗奏湊凑腠輳𨂡謅𧛸皺縐甃僽𢃸助狙駔做宙[(俗音)]晝[(俗音)]咒[(俗音)]
tsɵʊ,7,足哫蹙摵槭顣𢳈卒捽椊踤竹[(俗音)]祝[(俗音)]
tʃʰɵʊ,1,抽紬瘳搊[(或音)]篘[(或音)]
tʃʰɵʊ,2,惆[(俗音)]儔[(俗音)]讎[(俗音)]
tʃʰɵʊ,3,丑侴醜楚[(或音)]礎[(或音)]
tʃʰɵʊ,5,臭溴[(俗音)]
tʃʰɵʊ,7,畜搐觸亍矗歜斶臅俶逐蓫妯舳柚軸曲蛐束
tsʰɵʊ,1,初篘搊粗麤怚觕捔抽[(俗音)]瘳[(俗音)]
tsʰɵʊ,2,鋤[(俗音)]芻[(俗音)]雛[(俗音)]
tsʰɵʊ,3,趣楚礎齼丑[(俗音)]醜[(俗音)]
tsʰɵʊ,5,湊凑腠輳𨂡厝措錯醋瘄簇簉臭[(俗音)]
tsʰɵʊ,7,族嗾鏃蔟簇瘯鷟卒猝倅僽趣促蹴蹙蹵踧趨數觸[(俗音)]逐[(俗音)]妯[(俗音)]
ʃɵʊ,1,收梳[(或音)]疏[(或音)]
ʃɵʊ,3,手首守數[(或音)]
ʃɵʊ,5,受授綬狩守獸夀壽售首瘦[(或音)]數[(或音)]素[(或音)]
ʃɵʊ,7,孰熟塾叔菽淑俶諔贖首屬倏[(或音)]束[(或音)]蜀[(或音)]
sɵʊ,1,溲鄋廋獀搜螋醙餿騪鎪颼蒐鱐疋甦穌蘇酥囌疏蔬
sɵʊ,3,叟傁溲瞍謏嗖數藪擻籔嗾𡂡
sɵʊ,5,嗽漱瘶素愫傃嗉膆疏訴泝㴑溯愬遡塑瘦膄
sɵʊ,7,速涑蔌簌樕遬觫餗宿縮蓿蹜夙俗肅驌橚鱐鷫謖窣倏倐儵續藚
ɹ̠ɵʊ,2,柔揉蹂糅輮煣鞣鰇禸
ɹ̠ɵʊ,7,肉朒辱溽褥縟蓐鄏欲慾鵒浴鋊峪谷毓育堉錥淯郁栯獄鸑彧昱煜玉澳隩燠𣋉薁䐿噢粥鬻儥恧衂𪖔
iɵʊ,1,憂優耰嚘鄾幽麀悠攸滺逌呦
iɵʊ,2,由油蚰鈾尤疣肬訧猶蕕輶楢猷槱庮斿游遊蝣𩹊繇郵冘卣揄鯈鮋柔揉蹂輮糅煣鞣禸
iɵʊ,3,有銪酉槱庮黝䱂羑友苃翛卣牖懮莠
iɵʊ,5,右佑祐侑酭囿宥有又幼泑釉柚櫾鼬褏褎狖誘莠槱蜼
miɵʊ,5,謬[(叶音)]
tiɵʊ,1,丢
liɵʊ,1,溜
liɵʊ,2,流琉硫旒鎏留畱榴瘤瑠騮鶹飀遛鎦劉瀏懰駵𤥗斿鏐飂
liɵʊ,3,柳𪕚罶懰綹
liɵʊ,5,溜熘留籀餾霤廇
tɕiɵʊ,1,糾朻鳩勼樛轇摎繆鬮啾[(俗音)]揪[(俗音)]
tɕiɵʊ,2,求球逑毬賕絿俅裘觩觓梂銶捄𤞰璆虯虬𩓚扏艽朹犰訄厹仇頄鼽囚[(俗音)]泅[(俗音)]酋[(俗音)]
tɕiɵʊ,3,久玖灸韭韮九赳糾糺酒[(俗音)]
tɕiɵʊ,5,臼舅舊桕䳆匶柩疚救捄究咎廐廏𧾻就[(俗音)]僦[(俗音)]
tsiɵʊ,1,啾揪揫湫噍遒
tsiɵʊ,2,囚泅酋蝤遒
tsiɵʊ,3,酒愀
tsiɵʊ,5,就僦鷲㩆甃𩏶
tɕʰiɵʊ,1,丘坵蚯邱龜秋[(俗音)]鞦[(俗音)]
tɕʰiɵʊ,2,求[(俗音)]璆[(俗音)]□[(俗音)]
tɕʰiɵʊ,3,糗搝
tɕʰiɵʊ,7,曲蛐麯麴𨶑蓄[(或音)]
tsʰiɵʊ,1,秋秌𥤚萩楸鶖鰍鰌偢鞦鞧緧遒
ɕiɵʊ,1,休庥咻貅鵂髹髤羞[(俗音)]修[(俗音)]
ɕiɵʊ,3,朽
ɕiɵʊ,5,嗅臭齅溴岫[(俗音)]秀[(俗音)]
ɕiɵʊ,7,畜蓄慉稸鄐旭頊勖勗朂𨶑粟[(俗音)]
siɵʊ,1,羞饈修脩滫糔
siɵʊ,5,袖岫褏褎秀琇鏽銹繡綉
siɵʊ,7,粟𤢂
ȵiɵʊ,2,牛䒜吽
ȵiɵʊ,3,扭紐鈕狃忸妞杻恧衂𪖔
ȵiɵʊ,5,𨃔
pan,1,班斑癍扳頒朌斒瘢般螌搬䰉攀
pan,3,板版坂岅阪昄鈑魬蝂闆
pan,5,扮辦瓣湴埿爿半[(或音)]伴[(或音)]拌[(或音)]絆[(或音)]
pʰan,1,攀胖扳眅潘[(或音)]番[(或音)]
pʰan,2,盤[(俗音)]蟠[(俗音)]
pʰan,5,盼襻𧘋鋬絆叛[(或音)]判[(或音)]拚[(或音)]
man,1,鞔顢[(異讀)]
man,2,蠻漫曼瞞[(或音)]饅[(或音)]
man,3,滿矕襔[(或音)]
man,5,曼㬅慢嫚漫蔓鰻縵謾墁幔鄤鬘幕邁勱
fan,1,番翻飜幡旛繙轓蕃反拚帆顴[(或音)]貛[(或音)]驩[(或音)]
fan,2,凡帆釩煩笲袢繁䋣蘩樊礬蠜蕃藩墦燔璠蹯膰鐇颿還環繯鐶嬛寰圜闤鬟轘鍰患桓[(或音)]洹[(或音)]萑[(或音)]
fan,3,反返飯
fan,5,飯販畈汎軓帆𠆩梵犯氾范笵範泛軬換[(或音)]患[(或音)]宦[(或音)]
tan,1,單鄲簞殫匰襌癉丹坍耼聃眈耽妉酖躭擔担儋甔湛勯𤺺
tan,2,談痰郯惔倓錟餤覃潭譚鐔蟫驔醰𨝸檀䉡繵壇笪胆曇罎壜𤮦罈彈澹
tan,3,膽胆憺黵眈紞髧黕黮撢疸亶
tan,5,旦但柦疸狚鉭淡氮𦸁賧啖餤噉嚪啗萏窞澹擔担憺甔詹石澶膻憚癉僤彈蛋蜑誕髧
tʰan,1,攤灘癱貪探撢嘾嘽坍歎
tʰan,2,談[(俗音)]譚[(俗音)]曇[(俗音)]
tʰan,3,坦袒毯緂菼埮忐亶𤺺襢贉禫醓嗿
tʰan,5,嘆歎炭㨏碳倓探撢
lan,1,囡
lan,2,闌欄攔瀾斕蘭讕襴䪍幱藍籃襤婪惏嵐𨬒南喃楠枏柟蝻諵男難
lan,3,覽攬㩜擥欖纜爦壏懶嬾𡒄赧腩罱戁
lan,5,濫嚂纜爛瀾糷難𢬷
kan,1,干杆肝虷竿玕奸□靬甘柑蚶泔坩疳乾尷姦姧間蕳鬝菅艱囏監
kan,3,趕桿稈秆筸㿻敢橄澉感笴擀扞柬揀減簡
kan,5,幹榦簳旰骭紺淦贛贑灨𣹟間澗𡼏瞷覸襇蕳監鑑鑒轞檻艦諫
kʰan,1,刊栞堪戡勘歁看龕嵌慳鵮
kʰan,3,砍坎埳欿轗侃
kʰan,5,看瞰矙闞嵌衎墈[(俗音)]磡[(俗音)]
ŋan,1,安鞍鞌庵广菴崦鵪䳺淹唵腌愔諳弇啽媕盫韽
ŋan,2,顔巖[(俗音)]喦[(俗音)]黬[(俗音)]
ŋan,3,俺唵眼[(俗音)]
ŋan,5,岸犴豻暗黯闇晻案桉按黭晏䳛雁鴈贗贋宴
xan,1,酣蚶邯犴豻頇鼾憨㟏谽
xan,2,含唅𠤮榦幹韓汗邗虷函圅涵㮭崡閒𢢀瞷鷼鷴閑嫻𡢃蕑咸鹹醎緘椷諴瑊銜啣
xan,3,罕撼頷㯺悍猂睅蔊喊僩憪撊
xan,5,汗扞閈釬骭旱悍捍駻唅含琀憾闞翰瀚漢暵熯撊莧垷菡陷餡限𢩆䦘豏
tsan,1,簪䐶臢孱[(俗音)]潺[(俗音)]
tsan,2,殘戔慚慙漸蠶鐕撏毚劖巉瀺嚵欃儳攙酁讒鑱饞孱潺僝
tsan,3,□拶㭮桚寁趲攢斬嶄塹槧聻魙僝驏盞琖𦈻𧣴醆歜
tsan,5,贊讚瓚酇暫蹔鏨轏輚棧站綻蘸篸賺𧸖
tsʰan,1,參驂餐飡䱗
tsʰan,2,殘[(俗音)]蠶[(俗音)]慚[(俗音)]
tsʰan,3,慘黲憯噆剗產剷滻鏟嵼
tsʰan,5,粲燦璨孱摻參羼儳懺讖湛
san,1,三弎叄參摻穇縿𩌰毿山舢衫杉刪珊姍跚芟蔪潸閂𣟴
san,3,㪚饊糝䊉摻槮潸繖傘
san,5,㪚三汕疝訕摲𠚹釤姍涮
pian,2,平[(語音)]
pian,3,餅[(語音)]
pian,5,病[(語音)]
mian,2,明[(語音)]
tian,1,釘[(語音)]
tian,2,筳[(語音)]
tʰian,1,桯[(語音)]
tʰian,3,挺[(語音)]
tʰian,5,聽[(語音)]
lian,2,零[(語音)]
lian,3,冷[(語音)]
tɕian,1,經[(語音)]
tɕian,2,擎[(語音)]
tɕian,3,頸[(語音)]
tɕʰian,1,輕[(語音)]
tsian,1,精[(語音)]
tsian,2,晴[(語音)]
tsian,3,井[(語音)]
tsʰian,1,青[(語音)]
tsʰian,3,請[(語音)]
sian,1,星[(語音)]
sian,3,醒[(語音)]
uan,1,豌彎灣帵剜[(或音)]蜿[(或音)]婠[(或音)]
uan,2,頑刓岏玩狼丸[(異讀)]完[(或音)]紈[(或音)]芄[(或音)]
uan,3,晚娩挽輓浣[(異讀)]皖[(異讀)]綰[(異讀)]宛[(或音)]腕[(或音)]
uan,5,萬万卍曼蔓玩[(或音)]翫[(或音)]
kuan,1,鰥瘝癏擐矜關菅綸觀[(或音)]冠[(或音)]官[(或音)]
kuan,3,管[(或音)]館[(或音)]
kuan,5,慣摜串擐盥[(異讀)]灌[(或音)]觀[(或音)]貫[(或音)]
ʃuan/ɕyan,1,閂𣟴拴栓刪珊姍跚芟蔪
ʃuan/ɕyan,5,涮[(異讀)]
tʃuan/tɕyan,5,賺𧸖
tʃɛn,1,占沾怗阽苫痁詀覘佔霑黏粘秥溓詹噡譫薝儋瞻幨襜旃栴旜氈氊毡邅饘鸇鱣
tʃɛn,2,廛𠪨纒躔瀍厘
tʃɛn,3,展輾搌蹍颭襢皽邅樿
tʃɛn,5,佔占戰顫𧸳
tʃʰɛn,1,襜襝嘽袩梴
tʃʰɛn,2,廛[(俗音)]纒[(俗音)]
tʃʰɛn,3,闡嘽囅幝燀諂讇蕆
tʃʰɛn,5,𢱟
ʃɛn,1,苫㚲搧
ʃɛn,2,單蟬禪嬋蟾澶
ʃɛn,3,閃㨛陝䀹睒覢踹
ʃɛn,5,扇騸搧煽謆擅嬗蟺蟮鱣鱔鱓單僤禪墠善譱膳饍墡繕鄯僐𢕻贍掞剡熯
iɛn,1,菸烟咽胭臙煙湮奄崦淹俺腌醃□閹燕酀焉嫣蔫鄢厭懕懨殷閼𠝢甗𡿕
iɛn,2,延筵蜒埏涎郔綖鋋阽言炎棪鹽簷檐
iɛn,3,掩罨𤗎匽偃蝘鼴郾鰋堰隁鼹渰揜媕弇剡琰扊掞兗沇眼演檿厴黶魘𥜒覃衍𧍢甗巘
iɛn,5,宴燕嚥咽嬿讌醼鷰焰燄爓焱厭饜甗豔豓艷灧硯[(俗音)]驗[(俗音)]
piɛn,1,邊籩編蝙猵楄鯿鯾箯緶鞭砭
piɛn,2,便楩駢胼骿軿平諞楄
piɛn,3,扁匾惼蝙褊碥諞藊艑貶砭窆
piɛn,5,辨采辯辮便變弁昪閞卞[(或音)]抃[(或音)]遍[(或音)]
pʰiɛn,1,扁偏篇萹翩蹁編[(或音)]
pʰiɛn,2,便[(俗音)]胼[(俗音)]
pʰiɛn,3,匾扁諞
pʰiɛn,5,片徧遍騗騙卞忭汴抃拚
miɛn,2,緜綿棉㒙眠瞑𡒳
miɛn,3,免勉冕娩俛浼凂絻勔偭愐湎緬丏沔眄
miɛn,5,面偭湎麪麵丏泯瞑黽
tiɛn,1,顛巔癲傎滇瘨齻詀敁掂
tiɛn,2,田畋甸鈿甜恬湉嗔填滇闐磌盷菾
tiɛn,3,典碘點玷扂蕇
tiɛn,5,店惦坫痁阽甸佃鈿殿澱癜淀洵靛電簟墊奠填縝稹玷
tʰiɛn,1,天祆靝添呫敁掂
tʰiɛn,2,田[(俗音)]甜[(俗音)]填[(俗音)]
tʰiɛn,3,忝舔餂㐁殄餮飻蚕填淟腆痶覥靦㥏捵
tʰiɛn,5,瑱掭捵沴舚銛
liɛn,1,連蓮漣璉鰱嗹槤縺廉簾濂䥥鎌鬑𥖝搛㪠薕蠊聯匳奩匲籨蘝薟襝憐帘孿攣
liɛn,3,臉璉輦攆孌臠
liɛn,5,練鍊煉楝湅殮斂歛瀲蘞鏈僆戀孌
tɕiɛn,1,肩掮揵兼蒹縑鰜鶼尲堅鰹幵鈃枅豜間[(或音)]艱[(或音)]姦[(或音)]監[(或音)]尖[(俗音)]煎[(俗音)]
tɕiɛn,2,鈐黔鳹箝鉗拑黚鉆鍼虔乾前[(俗音)]錢[(俗音)]
tɕiɛn,3,檢撿臉瞼鹼鹻碱梘筧繭襺蹇𠐻謇鐧趼縑剪[(俗音)]踐[(俗音)]
tɕiɛn,5,見件儉劍建健楗揵𤧣鍵犍鞬腱䇟箭[(俗音)]
tsiɛn,1,戔箋牋諓籛濺帴煎湔椾揃鬋尖熸韀韉朘䘒漸湛瀸纖櫼殲鐫孱
tsiɛn,2,前媊潛熸漸灊鬵錢燂𤑶撏燖爓悛泉全荃痊筌銓輇牷拴栓跧詮
tsiɛn,3,翦剪譾媊鬋戩帴錢棧踐劗
tsiɛn,5,箭媊揃煎踐賤餞濺俴僭潛譖漸聻魙薦牮荐洊栫臶
tɕʰiɛn,1,牽愆諐謙慳掔搴褰騫謇鶱汧岍雃千[(俗音)]遷[(俗音)]籤[(俗音)]
tɕʰiɛn,2,鉗[(俗音)]乾[(俗音)]
tɕʰiɛn,3,遣繾譴嗛歉淺[(俗音)]
tɕʰiɛn,5,欠芡歉傔慊膁縴牽俔倩[(俗音)]塹[(俗音)]
tsʰiɛn,1,千仟阡扦芊僉簽鐱籖鋟遷韆𢳍悛殲[(俗音)]
tsʰiɛn,2,前[(俗音)]潛[(俗音)]全[(俗音)]
tsʰiɛn,3,淺
tsʰiɛn,5,倩蒨綪箐輤茜槧塹
ɕiɛn,1,軒掀揎嘕薟羶膻先[(俗音)]宣[(俗音)]鮮[(俗音)]
ɕiɛn,2,弦舷痃蚿絃嫌嗛賢贒咸[(或音)]嫻[(或音)]銜[(或音)]漩[(俗音)]涎[(俗音)]
ɕiɛn,3,險獫嶮蜆顯韅玁豏幰鮮[(俗音)]選[(俗音)]燹[(俗音)]
ɕiɛn,5,現見莧涀峴晛睍俔憲縣獻豏陷[(或音)]限[(或音)]線[(俗音)]羨[(俗音)]
siɛn,1,先仙秈籼僊蹮褼纖孅攕襳殲鮮鱻暹憸僉銛錟摻綅姗宣亘
siɛn,2,涎旋漩𧐗䗠璇琁鏇璿還儇[(俗音)]嬛[(俗音)]
siɛn,3,鮮尟尠蘚癬跣銑毨箲筅洗姺燹獮洒選撰僎
siɛn,5,線綫腺鏾霰羡先秈䄽蔙
ȵiɛn,1,研妍揅拈蔫
ȵiɛn,2,嚴閻年秊鮎鯰園[(俗音)]源[(俗音)]燃[(俗音)]
ȵiɛn,3,儼碾輾齞涊捻撚隒唸攆輦
ȵiɛn,5,硯驗騐釅甗讞彥喭諺唁廿卄念唸𥮘埝
yɛn,1,鴛眢宛鵷蜿箢惌冤寃鳶淵棩𢏮蜎裷衻蚦髥
yɛn,2,元沅芫蒝岏黿邧杬垣洹原源嫄螈蚖騵縓羱袁猿園轅爰援湲媛蝯猨瑗褑鶢員圓隕圜緣蝝櫞京燃然肰瓀沿鉛丸壖堧
yɛn,3,遠冄冉䒣染瓀蠕蝡瑌碝堧壖輭耎軟阮
yɛn,5,院垸苑畹怨願愿原縓遠掾緣媛瑗援
tɕyɛn,1,捐娟涓鵑悁駽蜎鞙朘蠲懁身專嫥剸摶甎塼磚鱄鄟耑遄顓
tɕyɛn,2,拳卷惓蜷𤷄鬈捲棬踡權顴蠸船舩傳椽遄歂輲篅
tɕyɛn,3,卷捲綣轉囀剸
tɕyɛn,5,卷帣牶桊券眷絭倦劵勌睠圈狷悁絹睊罥鄄傳轉縳獧瑑掾篆譔饌撰僎籑䉵
tɕʰyɛn,1,圈弮川釧紃穿
tɕʰyɛn,2,拳[(俗音)]權[(俗音)]船[(俗音)]
tɕʰyɛn,3,犬畎舛荈僢喘
tɕʰyɛn,5,勸串賗
ɕyɛn,1,喧諠暄煊瑄揎渲萱宣藼萲蕿蘐諼煖軒掀貆晅儇嬛蠉翾鋗
ɕyɛn,2,玄懸縣椽弦[(俗音)]舷[(俗音)]痃[(俗音)]旋[(俗音)]漩[(俗音)]璿[(俗音)]
ɕyɛn,3,咺烜輲選[(俗音)]癬[(俗音)]
ɕyɛn,5,泫炫眩鉉楦楥絢㧦眴鞙煇夐繯
ɔn,3,宛婉碗盌畹琬腕𢮝捥蜿踠惋菀桉案綰薍
ɔn,5,玩翫忨杬
pɔn,1,搬
pɔn,2,盤般槃磐𨃞鞶縏搬胖柈弁繁蹣𠽲蟠磻
pɔn,5,半伴拌秚牉䬳畔[(俗音)]
pʰɔn,1,番潘拌
pʰɔn,2,盤[(俗音)]蟠[(俗音)]
pʰɔn,3,𨃞[(俗音)]
pʰɔn,5,判叛畔胖伴泮頖沜
mɔn,2,瞞顢樠饅鰻鏝姏蹣
mɔn,3,滿懣鏋
tɔn,1,端耑剬篅
tɔn,2,團摶漙剸慱槫糰䊜𧓘𩜵𥻁敦鶉𩋦
tɔn,3,短斷
tɔn,5,段塅椴腶碫緞毈鍛煅𩋦斷籪
tʰɔn,1,湍貒
tʰɔn,3,瘓疃畽
tʰɔn,5,彖褖
lɔn,2,鸞巒欒灤圝圞臠鑾
lɔn,3,暖[(或音)]煖[(或音)]
lɔn,5,亂薍懦[(或音)]
kɔn,1,官倌棺冠觀
kɔn,3,管舘館琯痯輨錧綰筦脘斡
kɔn,5,灌罐鑵瓘爟鸛雚觀冠涫錧祼毌貫摜丱綸擐[(俗音)]慣[(俗音)]
kʰɔn,1,寬髖臗
kʰɔn,3,歀款欵窾䕀䥗莞浣澣皖梡睆盥
kʰɔn,5,墈磡
ŋɔn,2,巖[(叶音)]
ŋɔn,5,卧[(叶音)]
xɔn,1,歡懽讙獾貛䝔驩嚾
xɔn,2,桓洹荁貆豲萑瓛莞完垸捖凡芃汎紈
xɔn,3,緩浣[(或音)]皖[(或音)]
xɔn,5,奐喚換渙煥瘓患槵漶宦逭幻豢圂溷擐轘繯還
tsɔn,1,鑽攢巑菆𨉖
tsɔn,2,攢欑
tsɔn,3,纘攢趲纂篹籑撰僎譔
tsɔn,5,鑽籫
tsʰɔn,1,汆躥
tsʰɔn,2,攢[(俗音)]
tsʰɔn,5,竄躥攛篡簒爨
sɔn,1,酸痠狻
sɔn,5,算匴筭祘蒜
pɑŋ,1,邦梆帮幫滨彭搒徬𩍗
pɑŋ,2,旁㫄傍徬彷螃膀滂霶磅雱房魴彭逄龐龎尨厖𥆙哤
pɑŋ,3,榜牓膀髈綁
pɑŋ,5,傍旁徬磅搒蒡鎊謗塝蚌蜯𢪋棒棓並甏
pʰɑŋ,3,耪髈乓
pʰɑŋ,5,胖奤
mɑŋ,1,鞔[(俗音)]
mɑŋ,2,忙盲氓𥐞芒茫硭鋩邙杗虻蝱吂鄳蘉莔尨哤厖𥆙駹
mɑŋ,3,莽漭蟒
mɑŋ,5,𠮵
fɑŋ,1,方芳邡枋坊蚄鈁荒慌㡛肓衁䀮
fɑŋ,2,防坊妨肪魴房皇𦤃惶偟徨遑煌凰隍湟篁蝗喤艎鍠餭鰉鱑黃蟥磺璜簧潢鐄
fɑŋ,3,仿倣紡彷髣舫昉放旊訪邡𣄙滉榥幌晃恍怳潢謊𧧢䐠
fɑŋ,5,放
tɑŋ,1,當噹璫襠儅鐺蟷簹
tɑŋ,2,唐塘搪螗溏傏糖餹赯堂膛螳棠碭
tɑŋ,3,黨讜曭𣎲攩擋党檔
tɑŋ,5,當擋檔宕趤菪蕩璗盪碭愓踼逿鐋簜
tʰɑŋ,1,湯鏜鞺鼞膛
tʰɑŋ,2,唐[(俗音)]堂[(俗音)]棠[(俗音)]
tʰɑŋ,3,倘惝淌躺攩擋儻黨钂帑
tʰɑŋ,5,趟湯燙摥鐋盪
lɑŋ,2,狼稂莨鋃浪琅蜋螂踉郞廊嫏榔瑯桹筤硠躴羹囊
lɑŋ,3,朗烺樃㮾樠曩攮暖煖
lɑŋ,5,浪埌𧻴誏㫰閬
kɑŋ,1,岡剛鋼綱崗罁缸扛矼肛杠疘釭舡㼚罡堽亢繮[(俗音)]韁[(俗音)]
kɑŋ,3,港岡崗
kɑŋ,5,虹槓杠棡焵夯𥫲𥫼戇
kʰɑŋ,1,康糠穅躿鏮恇匡[(或音)]框[(或音)]筐[(或音)]
kʰɑŋ,3,慷忼𠻞
kʰɑŋ,5,亢抗伉炕匟沆砊犺頏閌
ŋɑŋ,1,腌骯
ŋɑŋ,2,卬昂
ŋɑŋ,5,盎
xɑŋ,2,杭航吭迒肮頏行桁絎
xɑŋ,5,吭行桁衖巷鬨沆項
tʃɑŋ,1,章漳彰嫜樟璋慞蟑傽鄣鱆麞獐張餦粻
tʃɑŋ,2,長萇場塲腸觴常裳嘗
tʃɑŋ,3,長掌仉抓鞝黨漲
tʃɑŋ,5,丈仗杖長帳賬脹痮張障鄣幛瘴嶂
tsɑŋ,1,臧贓贜賍髒臢牂戕淙鏦
tsɑŋ,2,藏臧
tsɑŋ,3,駔
tsɑŋ,5,藏臟臧葬塟奘
tʃʰɑŋ,1,昌娼倡猖菖閶鯧錩倀鼚
tʃʰɑŋ,2,長[(俗音)]腸[(俗音)]常[(俗音)]
tʃʰɑŋ,3,廠厰敞惝氅𣰉昶闖[(或音)]倘[(或音)]钂[(或音)]
tʃʰɑŋ,5,唱倡悵䩨暢鬯
tsʰɑŋ,1,倉傖蒼滄艙鶬凔瘡昌[(俗音)]倡[(俗音)]窗[(俗音)]鏦[(俗音)]瑽[(俗音)]
tsʰɑŋ,2,藏[(俗音)]長[(俗音)]塲[(俗音)]
tsʰɑŋ,3,蒼愴瘡撞[(俗音)]敞[(俗音)]倘[(俗音)]
tsʰɑŋ,5,愴嗆唱[(俗音)]暢[(俗音)]
ʃɑŋ,1,傷殤湯愓禓觴商
ʃɑŋ,2,常嫦裳徜嘗甞償鱨成筬
ʃɑŋ,3,上賞晌[(異讀)]
ʃɑŋ,5,上尚
sɑŋ,1,桑喪霜[(或音)]雙[(或音)]傷[(或音)]商[(或音)]
sɑŋ,3,嗓顙搡磉爽塽賞[(俗音)]
sɑŋ,5,喪上[(俗音)]尚[(俗音)]
ɹ̠ɑŋ,1,攘勷瓤穰瀼獽禳儴蘘
ɹ̠ɑŋ,3,嚷壤攘瀼穰蠰
ɹ̠ɑŋ,5,讓醸饟
iɑŋ,1,央秧泱殃姎柍鴦
iɑŋ,2,羊洋佯烊煬徉痒𦍕楊暘陽阳昜揚敭瘍颺鍚禓
iɑŋ,3,養癢瀁痒氧蛘䍩泱姎坱怏鞅仰[(俗音)]
iɑŋ,5,恙漾樣養姎盎煬
tɕiɑŋ,1,江茳豇矼姜薑䕬僵䗵殭疆畺□橿韁繮將[(俗音)]漿[(俗音)]
tɕiɑŋ,2,强強疆佯[(俗音)]薔[(俗音)]戕[(俗音)]
tɕiɑŋ,3,講顜槳[(俗音)]蔣[(俗音)]
tɕiɑŋ,5,降絳洚强謽勥糨糡將[(俗音)]匠[(俗音)]
tsiɑŋ,1,將漿螿
tsiɑŋ,2,牆墻廧嬙薔檣艢戕爿佯庠祥詳羊
tsiɑŋ,3,獎奬槳蔣
tsiɑŋ,5,將醬匠
tɕʰiɑŋ,1,羌羗蜣腔椌跫慶僵䗵殭疆畺□橿韁繮框[(俗音)]筐[(俗音)]
tɕʰiɑŋ,2,强[(俗音)]彊[(俗音)]戕[(俗音)]牆[(俗音)]薔[(俗音)]
tɕʰiɑŋ,3,强襁鏹繦勥搶[(俗音)]
tɕʰiɑŋ,5,䀶搶[(俗音)]
tsʰiɑŋ,1,槍鎗搶瑲嗆蹌鶬將鏘蹡斨
tsʰiɑŋ,2,佯[(俗音)]牆[(俗音)]戕[(俗音)]
tsʰiɑŋ,3,搶磢摤
tsʰiɑŋ,5,搶蹌蹡
ɕiɑŋ,1,香鄉薌膷相[(俗音)]湘[(俗音)]箱[(俗音)]
ɕiɑŋ,2,降佯[(異讀)]詳[(異讀)]翔[(異讀)]
ɕiɑŋ,3,餉饟享亯響响嚮饗蠁想[(俗音)]
ɕiɑŋ,5,向珦晌嚮鄉曏萫巷[(或音)]項[(或音)]象[(俗音)]像[(俗音)]相[(俗音)]
siɑŋ,1,相箱廂湘緗襄勷鑲驤欀瓖纕
siɑŋ,3,想鯗
siɑŋ,5,象像橡潒襐鐌相
ȵiɑŋ,2,娘孃
ȵiɑŋ,3,仰
ȵiɑŋ,5,仰
liɑŋ,2,良俍踉粮鋃涼凉椋輬量糧梁粱樑
liɑŋ,3,兩倆裲輛緉魎蜽
liɑŋ,5,晾諒倞涼掠亮喨量踉輛兩緉
uɑŋ,1,汪尪
uɑŋ,2,王亡亾忘
uɑŋ,3,枉往罔網网惘輞魍蝄蛧誷菵
uɑŋ,5,旺王迋妄望朢
kuɑŋ,1,光胱洸珖桄觥觵黆
kuɑŋ,2,狂誑
kuɑŋ,3,廣獷鄺廷
kuɑŋ,5,逛誑誆桄廣
kʰuɑŋ,1,匡框眶劻恇筐洭𨴑誆
kʰuɑŋ,2,狂[(俗音)]誑[(俗音)]
kʰuɑŋ,5,況况貺壙曠礦卝鑛鄺獷纊𦀈
tʃuɑŋ/tɕyɑŋ,1,莊庒妝粧裝樁
tʃuɑŋ/tɕyɑŋ,2,牀床
tʃuɑŋ/tɕyɑŋ,5,壯狀戇憃憧撞幢
tʃʰuɑŋ/tɕʰyɑŋ,1,窗窻囱牕創瘡愴憃鏦摐幢
tʃʰuɑŋ/tɕʰyɑŋ,2,牀[(俗音)]床[(俗音)]
tʃʰuɑŋ/tɕʰyɑŋ,3,闖搶創剙剏愴撞
ʃuɑŋ/ɕyɑŋ,1,雙双艭𢥠䉶霜孀驦騻鸘瀧珊[(俗音)]
ʃuɑŋ/ɕyɑŋ,3,爽塽
pən,1,奔犇賁崩痭弸掤繃綳祊𢆸絣𢏳
pən,2,盆湓瓫朋棚硼堋𨂃鵬彭澎膨蟛蟚甭蓬[(俗音)]篷[(俗音)]
pən,3,本濆畚
pən,5,笨体逩奔捹𤘝坌𣴞蹦堋繃甏
pʰən,1,噴烹澎匉砰伻
pʰən,2,朋[(俗音)]彭[(俗音)]盆[(俗音)]湓[(俗音)]
pʰən,3,捧[(俗音)]埲[(俗音)]
pʰən,5,噴掽碰
mən,2,門捫們穈璊瞞亹虋汶萌氓甿蝱虻蒙[(俗音)]幪[(俗音)]瞢[(俗音)]
mən,3,猛錳蜢艋
mən,5,悶燜㵍懣滿孟
fən,1,分芬吩紛雰氛棻餴饙昏昬婚惛殙睧閽棔葷渾薨甍
fən,2,汾枌岎朌羒蚠鼢蚡焚賁墳坟蕡幩濆羵豶鼖魂餛餫渾琿珩衡横黌
fən,3,粉坋混焜渾鯶沄
fən,5,分份忿憤僨噴濆賁糞瀵奮拚混諢圂溷慁横
tən,1,登燈鐙灯簦豋㲪竳敦惇墩暾燉䃦豚躉蹲東[(俗音)]冬[(俗音)]
tən,2,滕藤籐騰謄縢螣疼豚臀屯坉囤飩芚軘迍魨窀邆同[(俗音)]童[(俗音)]彤[(俗音)]
tən,3,等戥𣎴敦䃦躉董[(俗音)]
tən,5,櫈凳橙瞪鄧蹬鐙嶝隥墱磴沌鈍頓噸囤盹炖扽燉盾遁遯洞[(俗音)]凍[(俗音)]
tʰən,1,鼟吞啍涒焞暾燉通[(俗音)]痌[(俗音)]
tʰən,2,同[(俗音)]童[(俗音)]滕[(俗音)]豚[(俗音)]屯[(俗音)]
tʰən,3,汆桶[(俗音)]統[(俗音)]
tʰən,5,褪痛[(俗音)]慟[(俗音)]
lən,1,掄聾[(俗音)]
lən,2,倫淪論輪掄崘崙侖綸圇蜦䑳膿[(俗音)]龍[(俗音)]
lən,3,冷隴[(俗音)]壟[(俗音)]
lən,5,論埨嫰媆弄[(俗音)]怒[(俗音)]
kən,1,根跟秔粇稉粳更㪅埂浭耕畊縆絙揯羹庚賡鶊公[(俗音)]
kən,3,亙亘堩揯埂哽梗綆鯁骾郠耿褧熲拱[(俗音)]鞏[(俗音)]
kən,5,艮茛更□[(俗音)]
kʰən,1,坑阬硜牼鏗慳空[(俗音)]
kʰən,3,齦懇恳墾豤頎齗啃掯肯孔[(俗音)]恐[(俗音)]
xən,1,亨哼脝風[(俗音)]烘[(俗音)]豐[(俗音)]
xən,2,痕恆恒姮珩桁衡蘅横莖逢[(俗音)]紅[(俗音)]
xən,3,很狠哄[(俗音)]諷[(俗音)]
xən,5,恨奉[(俗音)]俸[(俗音)]憾[(俗音)]
ŋən,1,恩
ŋən,5,摁硬
tʃən,1,珍胗針鍼箴鱵真禛砧碪椹斟振禎貞楨湞偵遉甄正征怔鉦佂烝蒸脀徵癥懲鯖爭[(俗音)]睜[(俗音)]中[(俗音)]終[(俗音)]榛[(俗音)]臻[(俗音)]
tʃən,2,沈沉忱湛煁愖諶臣陳蔯塵成城誠𡷫晟郕筬盛呈程侱酲丞承澄瞪橙澂懲蟲[(俗音)]重[(俗音)]
tʃən,3,枕䪴疹診畛胗眕袗紾軫脹賬縝鬒黰稹整晸拯懲卺[(俗音)]
tʃən,5,振賑娠震蜄朕眹瑱填鎮陣陳揕挋紖正政症証怔證幀鄭重[(俗音)]仲[(俗音)]酖[(俗音)]鴆[(俗音)]
tsən,1,簪曾增繒罾橧矰憎噌鄫爭崢掙猙睜琤錚鬇箏綪丁榛蓁獉臻溱尊遵樽罇𤮐蹲鱒鐏嶟㕙踆逡宗[(俗音)]蹤[(俗音)]真[(俗音)]珍[(俗音)]
tsən,2,岑涔梣鐕曾層嶒䟫棖掁橙存從[(俗音)]叢[(俗音)]臣[(俗音)]成[(俗音)]
tsən,3,怎撙僔總[(又音)]診[(又音)]枕[(又音)]
tsən,5,譖贈甑掙諍鐏俊竣峻陖浚捘葰焌駿畯餕𦿉鵔濬雋儁寯枃縱[(俗音)]粽[(俗音)]正[(俗音)]振[(俗音)]
tʃʰən,1,嗔瞋琛賝郴伸抻稱偁檉蟶赬頳𧹬竀撑瞠衝[(俗音)]沖[(俗音)]
tʃʰən,2,成[(俗音)]呈[(俗音)]沈[(俗音)]臣[(俗音)]
tʃʰən,3,磣逞裎騁梬寵[(俗音)]
tʃʰən,5,趁疢捵趻闖稱秤鴆酖銃[(俗音)]齔[(或音)]櫬[(或音)]讖[(或音)]
tsʰən,1,參撐瞠搶傖噌村邨皴踆郴[(俗音)]稱[(俗音)]聰[(俗音)]怱[(俗音)]
tsʰən,2,曾[(俗音)]橙[(俗音)]城[(俗音)]臣[(俗音)]從[(俗音)]叢[(俗音)]岑[(俗音)]涔[(俗音)]
tsʰən,3,忖刌𢩭逞[(俗音)]騁[(俗音)]
tsʰən,5,蹭寸吋撐橕牚櫬襯䞋嚫齔齓讖趁[(俗音)]秤[(俗音)]
ʃən,1,申伸呻紳砷抻氠柛深娠身信參升昇陞聲勝侁[(異讀)]詵[(異讀)]
ʃən,2,神繩澠乘椉塍堘畻辰晨宸脣唇漘
ʃən,3,沈邥哂矧諗淰稔蜃脤祳審嬸瀋讅瞫
ʃən,5,甚葚椹諶黮慎眘腎脤蜃滲勝賸乘剩嵊盛晟聖甸
sən,1,森參槮蓡僧生牲甥笙鼪𥠀孫猻蓀搎飧飡身[(俗音)]升[(俗音)]松[(俗音)]嵩[(俗音)]
sən,2,循巡廵馴紃旬洵詢恂珣荀郇峋徇眴神[(俗音)]繩[(俗音)]
sən,3,筍栒笋損隼榫簨㾪省眚聳[(俗音)]竦[(俗音)]
sən,5,滲涁沁遜孫巽噀顨徇殉侚送[(俗音)]宋[(俗音)]
ɹ̠ən,2,人仁壬任妊姙紝絍仍礽艿陾
ɹ̠ən,3,忍荏荵稔扔
ɹ̠ən,5,刃刄仞紉訒軔韌肕牣認任妊衽袵餁飪賃恁鵀腍孕𡢘𰌉
in,1,因姻茵裀駰氤絪洇銦鞇婣湮堙陻諲禋闉音愔瘖喑殷慇溵陰侌英瑛柍媖䁐韺霙膺鷹應譍嫈罃鶯嬰嚶攖櫻瓔纓鸚罌甖蘡雍[(俗音)]邕[(俗音)]
in,2,銀垠泿齦訢齗釿夤寅殥淫霪婬崟鄞狺誾嚚吟唫盈楹嬴瀛贏籝迎蠅𡢘營螢塋[(或音)]瑩[(或音)]容[(俗音)]融[(俗音)]
in,3,引蚓螾紖靷隱隐櫽讔癮听殷飲㱃影景郢潁穎頴㯋癭湧[(俗音)]擁[(俗音)]
in,5,印鮣蔭廕憖憗飲引胤酳喑窨䤃隱𢷍𢳃迎應譍映暎罃媵用[(俗音)]㙲[(俗音)]
pin,1,賓濱瀕檳繽鑌獱蠙儐臏彬斌份邠豳冰氷𤝣仌兵并幷屏弸[(俗音)]掤[(俗音)]
pin,2,貧頻蘋嚬顰嬪矉平評坪抨苹萍蓱怦枰瓶缾屏帡軿洴荓郱凭凴馮憑
pin,3,禀稟丙柄炳昺昞邴怲餅屏摒迸鉼𪘀偋秉鞞
pin,5,殯擯儐臏髕鬢𩬆併并摒栟迸並竝病
pʰin,1,姘拼娉俜甹乒
pʰin,2,平[(俗音)]屏[(俗音)]貧[(俗音)]蘋[(俗音)]
pʰin,3,品乒
pʰin,5,聘娉嬪儐擯殯鬢𩬆牝[(異讀)]
min,2,民珉玟泯岷笢緡䃉忞旻閩明盟名茗銘洺酩鳴冥蓂暝瞑溟螟嫇榠鄍
min,3,敏鰵泯冺抿㨉湣愍睯閔憫皿脗黽僶澠瞑茗酩嫇
min,5,命暝
tin,1,丁仃叮疔汀朾釘帄靪玎酊飣砧
tin,2,廷庭蜓霆莛筳鼮亭停婷渟葶楟聤
tin,3,頂酊鼎
tin,5,定錠碇椗矴釘訂飣
tʰin,1,聽㕔汀町桯鞓
tʰin,2,亭[(又音)]廷[(又音)]
tʰin,3,挺梃艇脡頲珽鋌町
tʰin,5,聽
lin,2,林琳淋霖痳燐鄰隣遴璘嶙粼瞵磷鱗疄轔麟麐臨伶令零齡鈴囹苓聆羚笭舲鴒玲瓴蛉泠翎怜狑拎跉彾軨詅靈櫺霝䡼蘦𧕅醽霛麢酃凌綾淩陵菱蔆輘睖鯪棱稜薐崚楞
lin,3,廪禀𪷤懔檩領嶺袊
lin,5,臨橉甐轔磷令另賃[(異讀)]吝[(或音)]藺[(或音)]躪[(或音)]
tɕin,1,今衿紟矜斤釿觔筋巾金禁襟京鯨驚經莖涇兢荆衾晶[(俗音)]旌[(俗音)]津[(俗音)]
tɕin,2,琴琹芩勤懃堇墐廑瘽慬禽擒噙𠘅檎芹黥剠勍擎檠㯳窮[(俗音)]情[(俗音)]秦[(俗音)]尋[(俗音)]
tɕin,3,謹菫槿錦紟唫緊𦃂卺景璟憬幜頸剄警儆檠㯳擏𢹘井[(俗音)]阱[(俗音)]儘[(俗音)]
tɕin,5,近斤靳禁噤凚僸妗菫廑僅瑾殣饉覲墐㢙竟境鏡獍敬競倞景逕徑痙脛踁勁𠗊靖[(俗音)]静[(俗音)]進[(俗音)]晉[(俗音)]盡[(俗音)]
tsin,1,津祲腈睛精菁箐青蜻鼱鶄晶旌
tsin,2,秦螓情䝼晴餳𧂞鬵覃燂蟫鱏鐔尋潯鱘燖撏樳蕁蟳鄩
tsin,3,儘盡井阱穽睜
tsin,5,盡燼藎贐賮濜進晉縉搢瑨璡溍浸寖祲淨凈睜竫静婧靖凊靚䝼
tɕʰin,1,欽嶔衾氫輕卿傾青[(俗音)]清[(俗音)]侵[(俗音)]親[(俗音)]
tɕʰin,2,檠[(俗音)]勍[(俗音)]秦[(俗音)]螓[(俗音)]琴[(俗音)]禽[(俗音)]
tɕʰin,3,撳搇坅頃廎請[(俗音)]寢[(俗音)]
tɕʰin,5,搇僅廑厪瑾殣饉覲墐㢙菫磬罄謦綮慶輕𨆪鑋倩[(俗音)]靘[(俗音)]親[(俗音)]沁[(俗音)]
tsʰin,1,侵浸綅駸親青清鯖囿
tsʰin,2,秦[(俗音)]情[(俗音)]尋[(俗音)]
tsʰin,3,寢侵請
tsʰin,5,親瀙鋟浸沁吢倩凊𩇝靘
ɕin,1,欣昕訢忻炘焮歆廞鑫興馨腥[(俗音)]猩[(俗音)]兄[(俗音)]凶[(俗音)]新[(俗音)]心[(俗音)]
ɕin,2,形刑𠛬型侀邢硎鉶行珩陘娙雄[(俗音)]熊[(俗音)]尋[(異讀)]
ɕin,5,焮𢋆釁衅舋興杏行荇幸倖悻婞涬馨煡省[(俗音)]擤[(俗音)]伈[(異讀)]
sin,1,心芯辛莘鋅騂新薪詵姺駪侁兟甡籸燊星惺腥猩狌醒性[(俗音)]姓[(俗音)]沁[(俗音)]迅[(俗音)]
sin,3,伈省醒𤵙眚擤
sin,5,沁信顖囟汛迅訊蕈迿性姓牲
ȵin,1,您
ȵin,2,寧嚀擰檸獰𤡺𤡺儜鬡濘甯凝人[(俗音)]銀[(俗音)]
ȵin,3,忍[(俗音)]
ȵin,5,佞甯濘吝恡藺躪轥靳垽憖憗媵
uən,1,温瘟輼豱緼蕰蒀[(俗音)]氲[(俗音)]緼[(俗音)]
uən,2,文紋蚊蟁玟彣芠雯聞閿
uən,3,刎歾吻脗穩緼藴醖蕰韞稔
uən,5,文抆汶紊免俛絻問聞揾愠
kuən,1,肱觥觵
kuən,3,衮袞滚蓘掍緄混輥睔鯀鮌
kuən,5,棍
kʰuən,1,昆崑崐琨焜錕鯤鵾裩晜褌坤堃
kʰuən,3,梱悃捆綑稇閫壼
kʰuən,5,困
yn,1,氲緼蒀煴暈涒贇奫
yn,2,云芸紜耘妘沄雲澐蕓匀昀畇筠鋆員鄖䢵篔溳縜營螢塋熒瑩嫈縈滎禜謍罃瀅瀠鎣蠑榮嶸
yn,3,殞隕磒霣允狁吮𦧊永尹穎[(或音)]潁[(或音)]㯋[(或音)]
yn,5,韻韵均運暈惲鄆煇餫䩵韗熨䏰愠醖藴韞蕰孕禜醟閏潤瞤詠咏泳
tɕyn,1,均鈞汮君莙桾軍皸龜囷箘麇麕旬諄淳稕屯肫迍窀坰扃駉
tɕyn,2,羣群裙帬裠宭頵蒓蓴煢惸瓊璚
tɕyn,3,准準隼埻純褧窘熲炅煚扃迥泂炯冋絅
tɕyn,5,郡捃攈攟窘囷菌箘甽圳稕埻肫峻[(或音)]俊[(或音)]濬[(或音)]
tɕʰyn,1,傾春旾椿杶芚輴
tɕʰyn,2,煢[(俗音)]瓊[(俗音)]羣[(俗音)]裙[(俗音)]
tɕʰyn,3,頃䔛檾𦚧春踳惷蠢
ɕyn,1,熏燻薰勳勛獯曛醺纁臐壎塤葷煇焄
ɕyn,2,淳湻醇醕鶉錞犉純蒓蓴肫尋[(異讀)]潯[(異讀)]循[(或音)]旬[(或音)]巡[(或音)]
ɕyn,3,盾楯輴瞬夐𢿌詗迥逈扃泂炯烱冋冏絅坰駉褧
ɕyn,5,訓順舜蕣瞬瞚眴䀢蕈[(異讀)]迅[(異讀)]殉[(或音)]遜[(或音)]
əŋ,1,鞥翁嗡螉聬
əŋ,3,蓊滃塕
əŋ,5,甕罋瓮齆𨞑㘢
pəŋ,1,崩[(異讀)]繃[(異讀)]
pəŋ,2,蓬篷逢埄芃竼菶埲
pəŋ,3,蚌玤菶磅
pəŋ,5,蹦[(異讀)]繃[(異讀)]
pʰəŋ,1,砰匉澎㠮烹[(異讀)]怦[(異讀)]
pʰəŋ,2,朋[(異讀)]彭[(異讀)]蓬[(俗音)]芃[(俗音)]
pʰəŋ,3,捧奉唪琫䩬蜯覂
pʰəŋ,5,碰[(異讀)]
məŋ,2,瞢甍懵夢梦鄸蒙檬濛朦曚矇礞幪𡁏𧭊艨饛氋尨雺萌[(異讀)]氓[(異讀)]虻[(異讀)]
məŋ,3,幪猛錳蜢蠓艋懵懞懜
məŋ,5,孟蜢夢㝱梦瞢
təŋ,1,冬鼕東蝀氭涷登[(異讀)]簦[(異讀)]
təŋ,2,同仝挏桐峒筒侗銅衕絧茼筩疼佟彤童僮獞憧潼犝𦏆橦曈朣瞳穜艟罿燑烔
təŋ,3,董懂挏
təŋ,5,洞峝恫胴挏迵凍棟涷腖諌㖦蝀動働湩橦凳[(異讀)]鄧[(異讀)]
tʰəŋ,1,通蓪恫痌侗狪
tʰəŋ,2,同[(俗音)]童[(俗音)]滕[(異讀)]謄[(異讀)]
tʰəŋ,3,桶統侗
tʰəŋ,5,痛慟衕
ləŋ,1,聾
ləŋ,2,龍嚨籠瓏曨朧櫳㰍礱蘢瀧龐襱豅䪊竜隆窿癃霳䃧鏧農辳噥儂濃憹襛㺜穠膿癑齈楞[(又音)]崚[(又音)]
ləŋ,3,攏儱隴壟壠籠龍篢㙙努弩砮
ləŋ,5,衖怒愣[(異讀)]睖[(異讀)]
kəŋ,1,工功攻釭紅公蚣弓躬躳供恭𢙄共龔肱宫觥觵耕[(異讀)]庚[(異讀)]更[(異讀)]
kəŋ,3,共拱栱珙拲蛬輁汞銾鞏㧬梗[(又音)]耿[(又音)]
kəŋ,5,共供貢槓贛贑𣹟灨戇更[(異讀)]
kʰəŋ,1,空崆箜倥悾穹坑[(異讀)]鏗[(異讀)]
kʰəŋ,3,孔恐倥礦鑛肯[(異讀)]
kʰəŋ,5,空控□
xəŋ,1,烘哄叿吽𦕠銾嚝訇渹謍轟䃔峯蜂蠭烽鋒丰豐灃酆封葑犎風楓瘋亨[(異讀)]哼[(異讀)]
xəŋ,2,紅葒虹訌鴻宏竑吰鈜谹耾紘翃𦐌弘𠰈泓鞃閎洪鉷洚䎕夆逢縫馮渢恆[(異讀)]衡[(異讀)]
xəŋ,3,哄嗊鬨澒項唪風諷
xəŋ,5,汞㶹鬨閧澒賵鳯俸奉縫橫[(異讀)]
tʃəŋ,1,中忠盅衷忪妐伀彸終螽鍾𦉂鐘眾征[(異讀)]烝[(異讀)]爭[(異讀)]丁[(異讀)]
tʃəŋ,2,重种蟲虫
tʃəŋ,3,種腫歱踵尰瘇塜冡整[(異讀)]拯[(異讀)]
tʃəŋ,5,中仲狆眾重種正[(異讀)]鄭[(異讀)]
tsəŋ,1,宗棕踪鬃倧㚇騣鬉緵猣嵏鍐椶鯼鬷翪㙡蹤縱從豵緫琮[(或音)]悰[(或音)]淙[(或音)]賨[(或音)]曾[(異讀)]增[(異讀)]
tsəŋ,2,從樅叢樷藂琮悰淙賨潀崇
tsəŋ,3,總傯憁縱鬷𥡥
tsəŋ,5,從縱瘲綜猔粽糉贈[(異讀)]
tʃʰəŋ,1,沖冲浺忡翀充㤝珫衝憧㣫舂憃摏蹖稱[(異讀)]蟶[(異讀)]
tʃʰəŋ,2,重[(俗音)]虫[(俗音)]成[(異讀)]承[(異讀)]
tʃʰəŋ,3,寵龍逞[(異讀)]騁[(異讀)]
tʃʰəŋ,5,銃㧤憃稱[(異讀)]
tsʰəŋ,1,囱悤怱匆葱緫蔥聰璁䡯驄𩣢從瑽鏦蓯
tsʰəŋ,2,從[(俗音)]叢[(俗音)]曾[(異讀)]層[(異讀)]
səŋ,1,松淞凇忪菘崧鬆嵩鍶娀僧[(異讀)]
səŋ,3,悚竦駷慫聳嵸𢥠
səŋ,5,宋送誦頌訟
iəŋ,1,雍饔噰壅蕹癕臃邕嗈雝癰廱灉英[(異讀)]膺[(異讀)]嬰[(異讀)]
iəŋ,2,庸傭慵墉鄘鏞喁顒戎絨狨毧茙羢駥茸肜容溶榕蓉鎔熔瑢融瀜盈[(異讀)]迎[(異讀)]
iəŋ,3,勇俑甬蛹𠳀湧涌踴踊慂恿惥𧗴擁壅臃雝宂冗茸氄影[(異讀)]郢[(異讀)]穎[(異讀)]
iəŋ,5,用佣壅㙲雍映[(異讀)]應[(異讀)]
tɕiəŋ,1,京[(異讀)]經[(異讀)]旌[(異讀)]
tɕiəŋ,2,邛𦭎筇蛩跫銎芎穹窮藭匔
tɕiəŋ,3,警[(異讀)]井[(異讀)]
tɕiəŋ,5,敬[(異讀)]靖[(異讀)]
ɕiəŋ,1,凶㓙兇訩詾匈胸胷洶恟兄興[(異讀)]馨[(異讀)]星[(異讀)]猩[(異讀)]
ɕiəŋ,2,熊雄芎鱅刑[(異讀)]行[(異讀)]
ɕiəŋ,3,省[(異讀)]醒[(異讀)]
ɕiəŋ,5,幸[(異讀)]姓[(異讀)]
m̩,3,你[(語音)]
m̩,7,不[(語音)]
m̩,,哼[(語音)]