tsɿ,1,資姿咨滋輜
tsɿ,2,瓷糍茲慈磁辭詞祠嗣[無～]
tsɿ,3,紫姊子梓滓
tsɿ,5,自=字=寺=巳絘[麻線]
tsɿ,6,自-字-寺-牸[～牛子：小母牛]
tsʰɿ,1,雌疵差[參～]
tsʰɿ,3,此
tsʰɿ,5,刺賜次伺[～候]廁-
sɿ,1,斯廝撕私司絲思師獅
sɿ,3,死
sɿ,5,四肆祀伺[～機]嗣[～位]飼事=俟士仕侍峙
sɿ,6,事-
tʃɿ˗,1,知支枝肢之芝梔[～子花]
tʃɿ˗,2,池馳遲持
tʃɿ˗,3,紙只[～有]旨指[～揮]脂止趾址
tʃɿ˗,5,制製智致至治志誌痣痔窒蟄[驚～]
tʃɿ˗,7,置執汁姪質直值織職殖植擲隻=炙蜘指[～腦子：指頭]
tʃʰɿ˗,1,痴嗤鴟雉摛[伸：莫～手]跐[(存疑)象聲詞：～噠一跤]
tʃʰɿ˗,3,侈恥齒
tʃʰɿ˗,5,翅稚滯
tʃʰɿ˗,7,秩赤斥尺=
ʃɿ˗,1,施詩屍豉[豆～]
ʃɿ˗,2,時鰣
ʃɿ˗,3,矢屎始史使駛豕
ʃɿ˗,5,世勢誓逝氏示視嗜似恃式試是=市=柿=實[(又)]
ʃɿ˗,6,是-市-柿-
ʃɿ˗,7,十什濕拾實失=室食蝕識飾適釋石
ɹ̠ɿ˗,7,日=
pi,2,皮疲脾琵枇痹=箅[甑～子]
pi,3,比彼
pi,7,鼻筆必畢碧逼煏[用火烘乾]壁=璧
pʰi,1,披批㓟[用刀將竹木的枝椏削下，或將竹片破開]
pʰi,3,丕鄙庇痞
pʰi,5,屁
pʰi,7,匹僻闢劈=霹弼
mi,1,䊳[～爛的：很爛]
mi,3,米
mi,5,瞇密[(又)～嚴的：嚴密無縫]
mi,7,密蜜覓泌秘=
ti,1,低
ti,2,題提=堤蹄啼
ti,3,底抵的
ti,5,帝遞地=弟=第=蒂
ti,6,地-弟-第-
ti,7,笛敵嫡滴=狄的[～確]
tʰi,1,梯
tʰi,3,體
tʰi,5,替涕屜剃隸逮
tʰi,7,剔踢=糴
li,2,梨犁黎離籬璃釐驢
li,3,旅禮履李裏理鯉
li,5,麗例厲勵荔吏粒利=痢=
li,6,利-痢-淚-
li,7,力立歷栗律率[效～]𢯰[～箕：潷米湯用的竹篾器具]
tsi,1,疽
tsi,2,齊臍[～帶]薺
tsi,3,擠
tsi,5,濟劑臍[肚～]祭際娶聚=唧[奶～～：奶汁；乳房]
tsi,6,聚-
tsi,7,疾積跡脊籍藉績緝集輯即鯽稷棘
tsʰi,1,妻棲淒趨蛆嘁[～～話：悄悄話]沏[火～黑噠]
tsʰi,3,取
tsʰi,5,砌趣
tsʰi,7,七漆戚寂績[～麻]𥉻[近視；窺視]
si,1,西須鬚需犀胥
si,2,徐
si,3,洗徙髓璽
si,5,細絮緒序敘
si,7,錫析昔惜席夕息熄媳悉膝習襲戌恤婿
tɕi,1,雞基稽飢饑肌姬譏機幾[～乎]几[茶～]屐羈箕
tɕi,2,奇騎畸鰭祁祈其旗期棋歧芪[黃～]
tɕi,3,已紀幾[～個]
tɕi,5,記忌既寄計繼季繫[～鞋帶子]
tɕi,6,徛[站立]
tɕi,7,擊激極吉急級及給戟汲吸
tɕʰi,1,欺
tɕʰi,3,起啟豈
tɕʰi,5,企契技妓器棄氣汽
tɕʰi,7,乞訖迄吃
ȵi,2,泥尼呢[～絨]倪宜疑儀蟻[白～]
ȵi,3,你=擬蟻[～子：蚜蟲]
ȵi,5,義議毅誼=藝=詣囈
ȵi,6,誼-藝-膩[～人]螞[～蟻子]
ȵi,7,逆溺匿暱日-
ɕi,1,希稀兮奚溪綏犧熙嘻
ɕi,2,攜
ɕi,3,喜嬉禧
ɕi,5,戲繫[聯～]
ɕi,6,繫[箢箕～]
ɕi,7,泣隙
i,1,衣依伊醫
i,2,移夷姨飴怡貽胰[～子油：肥皂]
i,3,以椅已矣
i,5,意異肄翼億憶弋冀縊翳[～子：白內障]懿易=
i,6,易-佾[量詞，行：栽六～]
i,7,易[姓氏]一益亦譯邑揖抑逸液噎
pu,2,蒲菩荸[～薺]潽[液體沸騰溢出：牛奶～咖噠]
pu,3,補
pu,5,布怖埠步=部=簿=捕
pu,6,步-部-簿-
pu,7,不
pʰu,1,鋪[～設；量詞：一～帳子]
pʰu,3,普浦輔甫脯譜
pʰu,5,舖[店～]
pʰu,6,□[嘴巴動作：男～晴，女～陰]
pʰu,7,撲卜僕[～人]仆[前～後繼]璞瀑曝勃覆[～辣椒]
ɸu,1,夫膚敷
ɸu,2,符扶俘胡湖鬍蝴狐壺乎呼瓠
ɸu,3,府腑俯斧釜腐撫虎滸□[掀：把被窩一～]
ɸu,5,戶=滬戽[～水]護=互瓠[～子]付傅赴訃婦負富副賦父幅[量詞：一～畫]服[量詞：一～藥]斛洑[～上水]附=
ɸu,6,戶-護-附-
ɸu,7,復複腹覆[～沒]忽勿弗拂佛彿沸福蝠服伏
ku,1,姑辜孤箍估=
ku,2,跍[蹲]
ku,3,古牯估-股鼓䀦[瞪大眼睛]
ku,5,故固錮僱顧
ku,6,咕[象聲詞：含口水～幾下]
ku,7,骨谷穀
kʰu,1,枯
kʰu,3,苦
kʰu,5,庫褲
kʰu,6,□[噘：～起嘴巴]
kʰu,7,窟哭酷
u,1,烏污塢巫誣
u,2,吳蜈吾梧無
u,3,五伍午武舞侮鵡
u,5,誤=悟惡[可～]戊務霧=
u,6,誤-霧-
u,7,物屋
tɕy,1,豬諸居車[～馬炮]蛛株朱硃珠拘駒
tɕy,2,除渠廚瞿儲芻誅
tɕy,3,主舉煮矩褚
tɕy,5,巨拒距註注蛀柱=住=駐句具懼鑄劇據鋸=著苧箸遽□[用不正當的手段把次品推銷給他人]
tɕy,6,柱-住-
tɕy,7,局菊橘
tɕʰy,1,區驅樞
tɕʰy,3,處[相～]杵
tɕʰy,5,處[～所]去=屈[～子：屈戌]
tɕʰy,6,杵[噘：嘴巴一～起]
tɕʰy,7,出屈
ȵy,3,女
ɕy,1,書舒虛墟噓輸
ɕy,2,殊
ɕy,3,許鼠暑黍
ɕy,5,恕庶墅署戍樹=豎=
ɕy,6,樹-豎-薯
ɕy,7,術述秫
y,1,淤
y,2,魚漁如餘於盂榆愉逾虞娛愚儒
y,3,語汝與[及；給～]雨宇禹羽乳
y,5,預豫愈譽籲[呼～]裕遇寓玉=芋=喻=與[參～]
y,6,芋-喻-
y,7,入域役疫鬱熨[～貼]𢺴[使彎曲：把竹子～彎]
pɑ,1,巴芭笆疤琶粑[～～：有黏性的餅類食物]
pɑ,2,爬耙扒[～手]
pɑ,3,把㞎[～～：屎或泛指骯髒之物]
pɑ,5,霸欛壩罷=絆[～根子草：白茅]
pɑ,6,罷-稗-
pɑ,7,八爸
pʰɑ,1,𤆵[食物煮得過爛]
pʰɑ,3,啪[象聲詞]趴[兩腿分開]
pʰɑ,5,怕
pʰɑ,7,拔拍-□[～子；釀製：～甜酒(釀製江米酒)]
mɑ,1,媽
mɑ,2,麻痳蟆[蛤～]
mɑ,3,馬碼螞
mɑ,5,罵=
mɑ,6,罵-
mɑ,7,抹沫
ɸɑ,1,花
ɸɑ,2,華鏵划[～船]
ɸɑ,5,化劃=[計～]畫=話=
ɸɑ,6,畫-話-劃-
ɸɑ,7,法乏發髪罰伐筏滑=猾=
tɑ,3,打
tɑ,5,大=
tɑ,7,答搭達躂[跌]䐛[～模：人塊頭大或物體粗笨]
tʰɑ,1,他
tʰɑ,7,踏塔榻塌獺䍇[壇子的一種，口徑較一般小]搨[小火烘煎食品]
lɑ,1,拿[～得來]
lɑ,2,拿[～手]挪
lɑ,3,哪邋[～胡：馬虎；髒，不講衛生]
lɑ,5,那
lɑ,6,喇[～叭]□[前加成分，表示程度很深：～粗的]
lɑ,7,納拉臘蠟辣瘌捺邋[～遏：骯髒]旯[旮～]
tsɑ,1,渣
tsɑ,2,茶搽查
tsɑ,3,鮓[～辣椒]
tsɑ,5,乍炸詐榨柵[～子戲]
tsɑ,6,紮[～掃把：用竹枝扎的掃把]
tsɑ,7,雜劄眨炸[油～]扎札軋鍘蚱[～蜢]閘
tsʰɑ,1,叉差杈釵
tsʰɑ,5,詫岔汊插[～嘴]
tsʰɑ,7,插擦察
sɑ,1,沙紗挱[(手、樹枝)張開、伸開]痧砂杉
sɑ,3,傻撒
sɑ,7,殺煞靸[～雙拖鞋]薩□[嚴實：羊尾巴遮羊屁股——不～]析[(存疑)量詞，瓣]
tʃɑ,1,遮-
tʃɑ,5,嗻[囉～]
tʃɑ,6,□[極短時間：一～就去噠]
tʃɑ,7,隻-啄-炙-摺[(存疑)～扇]
tʃʰɑ,1,畲[姜～：地名]
tʃʰɑ,3,扯-
tʃʰɑ,5,□[～至：副詞，再也]
tʃʰɑ,6,哆[張開口：笑得一～起]
tʃʰɑ,7,尺-
ʃɑ,1,賒-
ʃɑ,2,蛇-
ʃɑ,3,捨-[～不得]
ʃɑ,5,射-[～石頭；～媚眼]
ʃɑ,6,射-[～火子星：流星]
ɹ̠ɑ,3,惹-
kɑ,1,家-痂[～子]
kɑ,2,蛤[～蟆：青蛙]
kɑ,3,假[(存疑)～白的：慘白]
kɑ,5,架-嫁-駕-
kɑ,6,□[拃：～一～]嘎[因筆不好寫或紙粗糙，書寫不流利]□[跌跌～～：拿着東西走路不穩磕磕碰碰]跨-[～過去]
kɑ,7,夾-甲-□[～老的：很老]胛[肩～：肩膀]胳[～肢窩]隔[饞～子：涎布]圿[漫～子]
kʰɑ,1,抲[用手的虎口緊緊扼住：～喉嚨]
kʰɑ,3,卡
kʰɑ,5,胯[～襠]
kʰɑ,7,掐-[～菜；～人中]恰-
ŋɑ,1,丫[口一～]椏[樹～]疨[～痄：病痛]
ŋɑ,2,伢[～子]牙-芽-
ŋɑ,3,啞-
ŋɑ,5,嚙[(俗作咬)]咬[(訓讀，本字嚙)]𧧝[～𧨊：性情乖戾，喜歡扯皮]軋[～尖：固定鋤頭的小鐵塊]軛-[牛～]
ŋɑ,6,砑[滾壓；拖延]
ŋɑ,7,壓-鴨-押-
xɑ,1,哈[張口呼氣；(訓讀)食物變壞的特殊氣味：豬油～咖噠]蝦-
xɑ,3,哈[(訓讀)～寶：傻子]
xɑ,5,哈[～啾：噴嚏]
xɑ,6,下-[底～；量詞：看一～；表範圍的副詞，都：他們～來噠]
xɑ,7,瞎-
ɑ,1,阿
piɑ,3,□[象聲詞：槍聲]
piɑ,6,□[～瀉的：很爛，呈稀泥狀]
piɑ,7,壁-
pʰiɑ,3,撇[(存疑)～淡的：很淡]
pʰiɑ,6,□[～瀉的：很稀]
pʰiɑ,7,劈-
miɑ,5,墨[(存疑)～黑的：很黑]
tiɑ,1,爹-[～～：祖父]
tiɑ,2,提-
tiɑ,7,滴-[～咖子：一點兒]
tʰiɑ,7,踢-締[(訓讀)繫：把鞋帶子～緊]
liɑ,1,□[形容撒嬌的聲音和样子：～聲～氣]
liɑ,2,□[爬：莫往高頭～]
liɑ,3,□[(向下)垂：肩膀一～起；～肩胛]
liɑ,5,□[～腔：不正經的話]
liɑ,6,□[～皮：辦事拖沓的人]
liɑ,7,苶[(存疑)累]
tsiɑ,1,嗟
tsiɑ,3,姐-
tsiɑ,5,□[捂着臉突然鬆開手(逗小孩的動作)]
tsiɑ,6,謝-[姓氏]
tsʰiɑ,1,□[躲～：捉迷藏]
tsʰiɑ,7,□[鈸：打～]
siɑ,1,些-
siɑ,2,斜-
siɑ,3,寫-
siɑ,5,瀉-[稀：～泥巴；腐爛：西瓜～咖噠]
tɕiɑ,1,佳加嘉傢家=
tɕiɑ,2,茄-□[解釋；爭論]
tɕiɑ,3,假賈[姓氏]
tɕiɑ,5,架=駕=嫁=價稼□[～濕的：很濕]
tɕiɑ,7,甲=夾=嘎[脾氣倔]
tɕʰiɑ,7,喫恰=洽掐=
ȵiɑ,1,黏[因接觸而被東西附着上：～點咖子邊(沾了一點兒邊)]
ȵiɑ,2,黏[粘貼：把信封～好]
ȵiɑ,3,惹-
ȵiɑ,5,入[～屄：交合]䏧[不～腮：不帶勁]
ȵiɑ,6,黏[緊貼着：肉～肉]
ȵiɑ,7,□[～樹：一種質地堅硬的樹]
ɕiɑ,1,蝦=
ɕiɑ,2,霞瑕遐暇
ɕiɑ,3,廈[～門：地名]
ɕiɑ,5,夏=[姓氏]下=□[(小氣)]
ɕiɑ,6,夏-[～天]下-[～力：出力]
ɕiɑ,7,狹峽匣狎俠挾瞎=轄
iɑ,1,鴉丫=
iɑ,2,牙=芽=衙涯爺-[父]
iɑ,3,雅啞=野-訝
iɑ,5,亞
iɑ,6,夜-
iɑ,7,押=壓=鴨=軋[被車～平噠]
kuɑ,1,瓜
kuɑ,2,呱[～～叫]□[氣～噠：氣壞了]
kuɑ,3,寡剮
kuɑ,5,掛卦褂
kuɑ,6,□[～澀的：很澀]
kuɑ,7,刮括虢
kʰuɑ,1,誇
kʰuɑ,3,垮
kʰuɑ,5,跨=
kʰuɑ,6,垮[臉一～起]
uɑ,1,蛙窪窊[凹：鐵桶子～進去一塊]挖[～耳朵]哇[腸胃裏產生的一種不適之感：喫多噠紅鍋子菜(沒有放油炒的菜)心裏～]哇[老～子：烏鴉]
uɑ,2,娃
uɑ,3,瓦搲[用瓢、勺等舀東西]哇[象聲詞，嘔吐時嘴裏發出的聲音]歍[打～]
uɑ,5,滑-猾-
uɑ,7,襪挖[～土]䁊[因疲勞或害病，眼睛下陷]
tɕyɑ,1,抓
tɕyɑ,2,瘸[四肢肌肉萎縮，活動不變成因受凍而變得不靈活]
tɕyɑ,3,爪
tɕyɑ,5,□[大叫：你莫～]
tɕyɑ,7,□[騾、馬用後跟向後踢]
tɕʰyɑ,5,踹
ɕyɑ,1,靴-
ɕyɑ,3,耍
ɕyɑ,5,刷[～亮的：很光亮]
ɕyɑ,7,刷[～把，～子]
yɑ,5,噦[大聲喊叫]
po,1,波玻菠
po,2,婆
po,3,□[象聲詞，敲擊木魚或頭部的聲音]
po,5,播簸
po,6,薄[～荷]
po,7,博薄剝駁鉢撥潑[活～]縛=
pʰo,1,坡
pʰo,3,頗
pʰo,5,破
pʰo,7,潑[～水]
mo,1,摸末[～名]
mo,2,魔磨[～刀]摩模膜
mo,3,母拇麼[～子：什麼]
mo,5,慕暮墓募幕磨=
mo,6,磨-
mo,7,莫木沐目穆牧寞末茉
to,1,多
to,2,駝陀馱坨[量詞：一～泥巴]
to,3,朵躲垛[～子]
to,5,惰墮剁舵=
to,6,舵-垛[把一物壓放在另一物上]□[～栗子：顆粒較板栗小]座-[～子：某些器物的下半截]
to,7,奪咄
tʰo,1,拖
tʰo,3,妥嚲[下垂]
tʰo,5,唾□[壓：拿塊石頭把紙～起]
tʰo,7,脫託托鐸蘀[折斷]拓[描；複寫]圫[地名用字：大～，南～，蘇家～]
lo,1,囉[～唆]賂[(存疑)用手段拉攏人：要他幫忙，就要～噠他]□[～熟的：很熟]
lo,2,羅蘿鑼籮騾螺腡
lo,3,裸䌴[打～：舌頭不聽使喚]
lo,5,烙[～殼：差錯；事故或漏洞]摞[量詞：一大～]糯=
lo,6,糯-
lo,7,落賂駱酪洛絡諾樂[快～]
tso,2,昨
tso,3,左佐[～借]
tso,5,座=坐=佐[輔～]
tso,6,坐-座-
tso,7,作桌捉撮
tsʰo,1,搓
tsʰo,3,挫
tsʰo,5,銼措錯鑿戳[～起拐棍]
tsʰo,7,戳濯
so,1,梭唆蓑娑嗍[吸氣；吮吸]
so,3,所鎖瑣
so,7,索朔塑蟀率[表～]
tʃo,7,着酌卓綽琢啄=鐲
tʃʰo,1,□[噘：嘴巴～起]
tʃʰo,5,□[丟失：～咖噠(失掉了)]
tʃʰo,7,濁辵[(存疑)哄騙]
ʃo,5,遮[騙；哄：你莫～我囉]□[差；不好：～話子]
ko,1,哥歌戈鍋
ko,3,果裹
ko,5,個過
ko,6,咯[雞～～(對兒童用語)]
ko,7,各鴿佮[結交]閣葛郭廓割角箇[指示代詞：～本書]
kʰo,1,科苛軻窠
kʰo,3,可棵顆敤[敲：把釘子～進去]
kʰo,5,課擱[把箱子～起]
kʰo,7,殼確擴闊渴磕毃[力～]
ŋo,3,我
ŋo,7,握鄂鱷沃斡
xo,1,呵
xo,2,河何=荷[～花]和[～氣]
xo,3,火伙夥
xo,5,貨賀荷[～蘭]禍=和[唱～]縛-
xo,6,禍-和[跟噠～(自己無主見)]嗬[眼淚水直～]
xo,7,活喝曷鶴霍藿豁或惑獲合盒盍蠚[(蜂、蟲等)蜇(人)]
o,1,窩蝸渦萵阿[～膠]屙
o,2,鵝俄蛾訛禾何-[～得了；～解]
o,5,臥餓=𤌍[燙：開水～噠]呵[～豁嗨：做事不認真，不肯出力]
o,6,餓-
o,7,惡罯[嚴密地覆蓋或封閉起來：白菜～黃噠]㷈[藏火]偔[表程度之甚，限作補語：快得～]
lio,7,略掠
tsio,7,爵嚼[～頭]
tsʰio,7,嚼[～不爛]
tsʰio,7,雀鵲
sio,7,削
tɕio,5,□[～～：指未婚女青年]
tɕio,7,腳角[貨幣輔助單位]
tɕʰio,7,卻覺[知～]
ȵio,7,弱瘧虐
ɕio,7,勺[～子]
ɕio,7,學芍碩
io,7,岳嶽躍鑰約藥若樂[音～]
pɘ,7,北百白柏伯帛陌
pʰɘ,7,拍=泊帕魄珀潑[～糞]
mɘ,5,墨[～黑的]
mɘ,7,墨默麥脈沒[沉～]
tɘ,7,得德掇[～起]
tʰɘ,7,特
lɘ,5,捋[～起袖子]
lɘ,7,肋勒□[開玩笑]
tsɘ,7,則側惻廁=責摘窄
tsʰɘ,5,擇-[～菜]賊-[～牯子：賊]
tsʰɘ,7,策冊測澤擇=[～期]宅
sɘ,7,色蝨塞瑟澀=
tʃɘ,1,遮=
tʃɘ,3,者
tʃɘ,5,蔗=鷓
tʃɘ,7,折浙哲摺䇽[篾～子]
tʃʰɘ,1,車
tʃʰɘ,3,扯=
tʃʰɘ,7,撤徹轍輒拆𦛖[抽搐：臉上的肉直個～]
ʃɘ,1,賒=奢
ʃɘ,2,蛇=
ʃɘ,3,捨=[～不得]
ʃɘ,5,社舍[宿～]赦射=
ʃɘ,7,舌設攝涉失-折[～本]
ɹ̠ɘ,3,惹=
kɘ,2,蛤[～蟆：青鞋]
kɘ,3,弆[～起：藏着]給
kɘ,5,鋸-割-
kɘ,6,嗝[打～]
kɘ,7,格革隔=虼
kʰɘ,3,剋[過分地省儉]
kʰɘ,5,去-
kʰɘ,7,刻克咳客髂[～膝骨：膝蓋骨]
ŋɘ,7,額厄扼軛=
xɘ,1,□[象聲詞，形容笑的聲音]
xɘ,3,很-[～多]
xɘ,5,□[捆(動詞)：～緊點]
xɘ,6,□[拿：～不起]
xɘ,7,黑核嚇赫駭
ɘ,2,兒而
ɘ,3,耳餌爾
ɘ,5,二=貳
ɘ,6,二-
pie,5,癟[物體表面凹下去]
pie,6,癟[沒有牙齒，用牙齦咀嚼]
pie,7,屄[女陰]
pʰie,3,蹩[～噠腳]撇[(存疑)～淡的：很淡]
pʰie,7,別鱉撇[一～]
mie,1,咩
mie,7,滅篾搣[掰：把橘子～開]
tie,1,爹=[～～：父親]
tie,3,喋[嘆詞，給人東西時的招呼語]
tie,7,跌迭疊蹀[半路上順便逗留]喋[嘆詞]
tʰie,3,□[丟失：～咖噠(丟失了)]
tʰie,7,鐵貼帖蝶諜牒
lie,5,捩[歪；拗]
lie,7,列烈裂劣獵
tsie,3,姐=毑[娭～：祖母；對老年婦女的尊稱]
tsie,5,借藉
tsie,7,接節絕
tsʰie,3,且
tsʰie,7,切捷截妾
sie,1,些=
sie,2,邪斜=
sie,3,寫=
sie,5,謝=[多～]卸=
sie,7,雪屑泄瀉=[～肚子]蠍薛褻
tɕie,2,茄=
tɕie,7,結潔揭劫孑澀-
tɕʰie,7,傑怯
ȵie,7,業聶鑷孽捏鎳
ɕie,7,血穴協脅歇竭謁
ie,1,椰
ie,2,爺=[～～：祖父]
ie,3,也冶野=
ie,5,腋夜=翼-[～胛：翅膀]
ie,6,夜-敥[以手撒物：～石灰]
ie,7,乙葉頁凹[(訓讀)]
kuɘ,7,國
tɕye,5,倔[發～脾氣]
tɕye,6,倦[～咖噠(睏了)]
tɕye,7,決訣掘拙厥橛孑
tɕʰye,3,□[折斷]
tɕʰye,7,缺
ɕye,1,靴=
ɕye,7,說
ye,3,抈[折，弄斷：把棍子～脫]
ye,5,𠮷[～口：田埂上過水的口子]
ye,7,月熱悅閱越粵曰
pɐɛ,1,𨃅[跛]
pɐɛ,2,排牌
pɐɛ,3,擺
pɐɛ,5,拜敗=
pɐɛ,6,敗-
pʰɐɛ,3,□[佩帶(徽章、符號等)]𬧁[量詞，兩臂左右平伸時兩手間的距離]
pʰɐɛ,5,派
mɐɛ,2,埋
mɐɛ,3,買
mɐɛ,5,賣邁
ɸɐɛ,2,懷槐淮
ɸɐɛ,5,壞=
ɸɐɛ,6,壞-
tɐɛ,1,呆[～若木雞]
tɐɛ,2,臺擡苔
tɐɛ,3,歹
tɐɛ,5,帶戴待怠殆貸袋=代=
tɐɛ,6,大-代-袋-
tʰɐɛ,1,胎
tʰɐɛ,3,奤[身體過胖走路兩邊搖晃或指一般人一步一步慢騰騰地走路]
tʰɐɛ,5,太態泰
lɐɛ,1,疓[小孩或植物因營養不足而未長好]
lɐɛ,2,來□[～田：水稻生長期間，在植株之間進行除草]
lɐɛ,3,奶乃□[(雞用爪子)刨(地)]哪[～個]
lɐɛ,5,奈耐=賴=癩=那[～個]
lɐɛ,6,癩-賴-耐-
tsɐɛ,1,栽災齋
tsɐɛ,2,才財材裁豺柴
tsɐɛ,3,宰崽[兒子]載[一年半～]
tsɐɛ,5,再在=寨=載[～重]債
tsɐɛ,6,在-寨-□[～雨：淋雨]
tsʰɐɛ,1,猜差[出～]
tsʰɐɛ,3,彩採睬踩
tsʰɐɛ,5,菜蔡
sɐɛ,1,腮鰓篩
sɐɛ,3,灑塞[打：～他兩拳]撒[～網子：魚網的一種]
sɐɛ,5,賽曬
kɐɛ,1,街該皆階稭
kɐɛ,3,改解
kɐɛ,5,蓋介界芥疥丐屆戒械
kɐɛ,7,箇[～個]
kʰɐɛ,1,開揩
kʰɐɛ,3,楷凱愷
kʰɐɛ,5,概溉慨
ŋɐɛ,1,哀唉挨[～排]娭[～毑：祖母；對老年婦女的尊稱]
ŋɐɛ,2,埃挨[～打]崖岩呆[～的：必定，必然，必然的]
ŋɐɛ,3,矮藹靄
ŋɐɛ,5,愛隘艾=礙=
ŋɐɛ,6,艾-礙-雁[～鵝：大雁]外[～後天：大後天]
xɐɛ,2,孩鞋諧偕還[副詞]
xɐɛ,3,海蟹
xɐɛ,5,亥懈害=旱[～煙]
xɐɛ,6,害-解[姓氏]
kuɐɛ,1,乖
kuɐɛ,3,拐獪[壞；不好(限於指人)]
kuɐɛ,5,怪
kuɐɛ,6,□[走路時臀部兩邊擺動]
kʰuɐɛ,3,塊傀蒯
kʰuɐɛ,5,快筷會[～計]劊
kʰuɐɛ,6,擓[佩戴；挎，背]
uɐɛ,1,歪
uɐɛ,3,崴[行走不穩，兩邊搖晃]
uɐɛ,5,外=
uɐɛ,6,外-
tɕyɐɛ,3,轉[～味：抖派頭]
tɕʰyɐɛ,3,揣
ɕyɐɛ,1,衰
ɕyɐɛ,3,甩
ɕyɐɛ,5,帥
pɘɪ,1,杯悲卑碑揹[～不動]
pɘɪ,2,培陪賠
pɘɪ,5,貝閉陛蔽敝弊斃幣輩背[～脊]裨婢臂痹-避備倍=被=秘-[～書]焙=
pɘɪ,6,篦倍-被-焙-背[～時]
pʰɘɪ,1,胚坯丕
pʰɘɪ,3,呸
pʰɘɪ,5,配佩贊沛轡
mɘɪ,1,痗[心情沮喪，臉色不好]
mɘɪ,2,眉梅枚玫媒煤迷謎[～語]彌露糜[～爛]靡
mɘɪ,3,每美
mɘɪ,5,媚楣昧寐妹=
mɘɪ,6,妹-謎[～子]沕[～子(身體不露出水面的游泳動作)]
ɸɘɪ,1,飛非妃灰恢揮輝徽麾
ɸɘɪ,2,肥回
ɸɘɪ,3,匪菲悔賄毀䵋[顏色退去：～色]
ɸɘɪ,5,肺廢費疿吠繪晦彗慧惠卉穗穢汇=諱會=
ɸɘɪ,6,汇-會-
tɘɪ,1,堆
tɘɪ,2,頹
tɘɪ,3,躉[(存疑)整批地買進]㨃[(存疑)抵：把門～起；唬，虛張聲勢嚇人或蒙混人]
tɘɪ,5,對隊兌碓[～窩子(石臼)]
tʰɘɪ,1,推
tʰɘɪ,3,腿□[剔：把肉～下來]
tʰɘɪ,5,退□[塗抹(肥皂)：洗手～肥皂]
lɘɪ,1,纍[前加成分，表示程度很深：～肥的]
lɘɪ,2,雷擂[～槌(杵)]
lɘɪ,3,屢呂累[～贅]壘儡餒鋁
lɘɪ,5,類淚=慮濾內=累=
lɘɪ,6,內-累-
tsɘɪ,3,嘴
tsɘɪ,5,醉罪=
tsɘɪ,6,罪-
tsɘɪ,7,賊=
tsʰɘɪ,1,崔摧催炊
tsʰɘɪ,5,翠脆粹悴碎=
sɘɪ,1,雖
sɘɪ,2,隨
sɘɪ,5,歲遂隧碎-
kuɘɪ,1,歸規閨龜窺
kuɘɪ,2,葵逵圭揆夔
kuɘɪ,3,鬼詭軌晷
kuɘɪ,5,桂貴鱖瑰癸
kuɘɪ,6,櫃
kʰuɘɪ,1,虧魁盔奎
kʰuɘɪ,3,跪
kʰuɘɪ,5,愧潰
uɘɪ,1,威煨
uɘɪ,2,維唯惟帷圍葦違危桅爲[行～]微薇巍圩[～子]
uɘɪ,3,偉緯尾委餒
uɘɪ,5,胃謂魏畏慰衛=僞未=味=位=
uɘɪ,6,衛-未-味-位-爲[～麼子(爲什麼)]
tɕyɘɪ,1,追錐
tɕyɘɪ,2,垂錘槌捶
tɕyɘɪ,5,綴壁贅
tɕʰyɘɪ,1,吹
ɕyɘɪ,2,誰
ɕyɘɪ,3,水
ɕyɘɪ,5,睡稅瑞
yɘɪ,5,銳
pɐɔ,1,包胞褒
pɐɔ,2,袍浮-
pɐɔ,3,保寶堡飽
pɐɔ,5,報豹爆鮑暴=抱=齙
pɐɔ,6,抱-刨菢暴-
pʰɐɔ,1,拋泡[鬆軟：包子蒸得蠻～]
pʰɐɔ,3,跑
pʰɐɔ,5,炮泡[～茶]雹𣕅[數詞，十：一～個(十個)，～把天(十來天)]
mɐɔ,1,貓=
mɐɔ,2,毛矛茅
mɐɔ,3,卯□[偷；騙]□[瞎猜亂碰]□[打，擊：～他一拳]
mɐɔ,5,貌冒帽=
mɐɔ,6,冇[副詞，沒有：～看過電影]帽-
mɐɔ,7,冇[動詞，沒有：屋裏～人]
tɐɔ,1,刀
tɐɔ,2,桃逃陶掏萄濤□[銼]
tɐɔ,3,島倒[打～]禱
tɐɔ,5,稻到倒[～水]盜導道=□[鑄造：犁頭是生鐵～的]
tɐɔ,6,道-
tʰɐɔ,1,叨滔
tʰɐɔ,3,討
tʰɐɔ,5,套
lɐɔ,1,撈[(順手)拿：～只杯子來囉；(存疑)前加成分，表示程度相當高：～輕的]朥[羶，像羊肉的氣味]
lɐɔ,2,勞牢癆[～病]
lɐɔ,3,老腦惱
lɐɔ,5,鬧=
lɐɔ,6,鬧-癆[毒：～藥]
tsɐɔ,1,糟遭䐬[花生、瓜子等炒得很脆]
tsɐɔ,2,曹槽䐬[肚子餓]嘈巢
tsɐɔ,3,早棗蚤澡爪[～牙]
tsɐɔ,5,灶罩[～子(霧)]
tsɐɔ,6,皂造[～孽(可憐)]
tsʰɐɔ,1,操[早～]抄鈔
tsʰɐɔ,3,草吵炒
tsʰɐɔ,5,躁操[曹～]造[建～，～孽：作惡(佛教用語)]燥糙
sɐɔ,1,騷梢捎筲
sɐɔ,3,嫂稍掃[～地]叟
sɐɔ,5,掃[～把]臊[～子]潲[～水]
tʃɐɔ,1,招昭朝[～夕]
tʃɐɔ,2,朝[～代]潮
tʃɐɔ,3,沼找
tʃɐɔ,5,照詔召兆趙肇罩[～嚴：管死；盯死：你莫～噠我]
tʃʰɐɔ,1,超
ʃɐɔ,1,燒
ʃɐɔ,2,韶苕
ʃɐɔ,3,少[～數]
ʃɐɔ,5,少[～年]紹邵
ɹ̠ɐɔ,2,饒撓
ɹ̠ɐɔ,3,繞擾咬=[～牙切齒]
kɐɔ,1,高膏羔糕膠-篙跤-
kɐɔ,3,搞稿犒
kɐɔ,5,告教-[～書]覺[睡～]窖
kʰɐɔ,1,敲-
kʰɐɔ,3,考烤
kʰɐɔ,5,靠銬
ŋɐɔ,1,爊[～菜]
ŋɐɔ,2,熬鏖𠢕[～實：身體結實、硬朗]
ŋɐɔ,3,襖咬-
ŋɐɔ,5,傲奧懊坳拗扷[量：用手～一下看]
xɐɔ,1,蒿薅
xɐɔ,2,豪毫籇[農村捕魚的一種竹籠子]號[哭]
xɐɔ,3,好[～壞]
xɐɔ,5,浩耗號=[～令]好[喜～]孝-[～帽子，～衫]
xɐɔ,6,號-[～子：號碼]
piɐɔ,1,標彪膘猋熛[(火星兒、泥、水、油等)飛濺]
piɐɔ,2,瓢嫖
piɐɔ,3,表裱婊裱
pʰiɐɔ,1,飄[～揚]
pʰiɐɔ,3,漂[～白]瞟
pʰiɐɔ,5,票漂[～亮]飄[雨斜飛：～雨]
miɐɔ,1,喵[象聲詞，貓叫聲]貓-
miɐɔ,2,苗描
miɐɔ,3,秒渺藐
miɐɔ,5,妙謬廟=
miɐɔ,6,廟-
tiɐɔ,1,刁貂雕□[選：～些好的做種]
tiɐɔ,2,條調[～和]笤[～刷椏子：用來驅趕雞鴨豬牛或打小孩的竹枝]
tiɐɔ,3,鳥-
tiɐɔ,5,釣調[～動]吊掉=
tiɐɔ,6,掉-
tʰiɐɔ,1,挑
tʰiɐɔ,3,斢[調換]
tʰiɐɔ,5,跳糶
liɐɔ,1,蹘[蹺：～起二郎腿]摷[踢：～他一腳]
liɐɔ,2,撩燎遼療寥聊
liɐɔ,3,了[～結]瞭[明～]
liɐɔ,5,廖料=
liɐɔ,6,料-撂[丟，扔：～咖書包就跑]
tsiɐɔ,1,焦椒
tsiɐɔ,2,樵瞧
tsiɐɔ,3,剿
tsiɐɔ,5,醮
tsiɐɔ,6,噍[嚼]
tsʰiɐɔ,1,鍬邀[～個人一起去]劁[割掉卵巢：～豬婆]繰[～幾針]
tsʰiɐɔ,3,悄
tsʰiɐɔ,5,俏鞘
siɐɔ,1,消宵霄硝銷肖[姓氏]簫
siɐɔ,3,小
siɐɔ,5,笑嘯肖[惟妙惟～]
tɕiɐɔ,1,驕嬌矯交郊鉸澆膠=茭[～瓜]
tɕiɐɔ,2,喬橋蕎
tɕiɐɔ,3,絞狡餃繳攪㽱
tɕiɐɔ,5,教=校[學～]較[比～]覺=叫轎=
tɕiɐɔ,6,轎-藠[～子]交[～夥：合夥]撬
tɕʰiɐɔ,1,敲=
tɕʰiɐɔ,3,巧
tɕʰiɐɔ,5,竅翹
ȵiɐɔ,1,□[～嘴：努嘴]
ȵiɐɔ,3,鳥=杳
ȵiɐɔ,6,尿
ɕiɐɔ,1,囂□[掀：把被窩一～就起來噠]
ɕiɐɔ,2,餚淆
ɕiɐɔ,3,曉
ɕiɐɔ,5,效較[～量]校[～對]孝=[～順]酵
iɐɔ,1,妖腰要[～求]夭幺[～二三]邀[特～]
iɐɔ,2,搖謠窯姚堯鐃
iɐɔ,3,舀
iɐɔ,5,要[重～]耀
iɐɔ,6,鷂
pʰɵʊ,3,剖
mɵʊ,2,謀眸
mɵʊ,3,某畝牡
mɵʊ,5,茂貿
tɵʊ,1,都兜蔸
tɵʊ,2,頭徒屠途塗圖投
tɵʊ,3,堵賭抖陡斗[量詞]肚[～子]
tɵʊ,5,度妬蠹鬥[～爭]逗杜=渡=鍍=踱=豆=荳
tɵʊ,6,肚[～臍眼]杜-渡-鍍-豆-踱-在-
tɵʊ,7,獨讀牘篤督毒
tʰɵʊ,1,偷
tʰɵʊ,3,土吐㪗[把包袱～開，再～一道水]
tʰɵʊ,5,兔透
tʰɵʊ,7,突禿腯[膩；厭煩]
lɵʊ,1,摟𨫒[鏽；生鏽]
lɵʊ,2,盧爐廬樓奴蘆鸕
lɵʊ,3,魯櫓簍縷摟[～～子：混(日子)；湊合；將就]虜努滷
lɵʊ,5,陋路=露=漏=
lɵʊ,6,漏-露-路-鷺
lɵʊ,7,鹿祿六陸戮綠錄漉
tsɵʊ,1,租鄒鯫[自稱懂某種技術，但做起來不行：～老倌]
tsɵʊ,2,鋤愁
tsɵʊ,3,組祖阻走
tsɵʊ,5,做奏
tsɵʊ,7,卒足
tsʰɵʊ,1,粗初搊[～尿；把尿]
tsʰɵʊ,3,楚礎
tsʰɵʊ,5,醋湊助
tsʰɵʊ,7,促逐猝驟族
sɵʊ,1,蘇酥梳疏蔬搜颼餿蒐
sɵʊ,3,數[動詞]
sɵʊ,5,素訴數[名詞]瘦嗽漱
sɵʊ,7,俗縮宿速肅夙續
tʃɵʊ,1,周舟州洲
tʃɵʊ,2,綢稠籌酬仇讎售[～貨]
tʃɵʊ,3,肘帚
tʃɵʊ,5,紂晝宙咒
tʃɵʊ,7,竹築粥燭囑蜀祝築𡎺[塞]
tʃʰɵʊ,1,抽
tʃʰɵʊ,3,丑醜
tʃʰɵʊ,5,臭
tʃʰɵʊ,7,觸束軸畜[～生]曲[～蟮子：蚯蚓]
ʃɵʊ,1,收
ʃɵʊ,3,手首守
ʃɵʊ,5,獸售[以～其奸]受=授壽=
ʃɵʊ,6,受-壽-
ʃɵʊ,7,叔淑熟塾屬贖
ɹ̠ɵʊ,7,肉育辱褥獄欲浴玉-
kɵʊ,1,勾溝鉤鬮
kɵʊ,2,格[丟～：丟臉]
kɵʊ,3,狗苟枸
kɵʊ,5,夠構購彀
kʰɵʊ,1,摳
kʰɵʊ,3,口
kʰɵʊ,5,扣叩寇蔻
kʰɵʊ,7,□[小氣]
ŋɵʊ,1,歐謳摳毆
ŋɵʊ,3,藕偶嘔
ŋɵʊ,5,漚慪
xɵʊ,1,齁[～病：哮喘病]
xɵʊ,2,猴侯喉䞀[貪，多佔]浮=
xɵʊ,3,吼否
xɵʊ,5,后[皇～]候=後=厚=阜
xɵʊ,6,候-後-厚-
tiɵʊ,1,丟
liɵʊ,1,溜[～滑的]
liɵʊ,2,留劉流硫琉榴□[(肢體酸疼無力)]
liɵʊ,3,柳
liɵʊ,5,溜[盤詞：栽一～樹]綹[量詞：一～頭髮]溜[～刷：形容動作利索]
liɵʊ,6,溜[～子：漏斗；～渣：本指爐渣，後用來比喻又油又痞、不正派的人]
tsiɵʊ,1,揪[～鼻子]鬏[～～辮]
tsiɵʊ,2,囚泅
tsiɵʊ,3,酒
tsiɵʊ,5,就=㲃[擰：瓶蓋要～緊]
tsiɵʊ,6,就-
tsʰiɵʊ,1,秋鰍[～魚：泥鰍]
tsʰiɵʊ,3,□[眼睛一～起：眼睛斜着]
siɵʊ,1,修羞
siɵʊ,3,袖秀鏽繡宿[星～]
siɵʊ,7,粟
tɕiɵʊ,1,糾鳩
tɕiɵʊ,2,求球梂[量詞：一～大蒜]揪[向上抓，以獲得支持物：～住扶手]
tɕiɵʊ,3,九久韭
tɕiɵʊ,5,救究臼咎柩灸舅=舊=□[留；剩下：好話～得三十晚上講]
tɕiɵʊ,6,舅-舊-
tɕiɵʊ,7,跼[歪扭不順，單車內胎冇上好，～咖噠]
tɕʰiɵʊ,1,丘
tɕʰiɵʊ,7,曲[歌～]麯[力～：一種治療腹瀉及調理腸的塊狀成藥]蓄[～頭髮，～指甲]
ȵiɵʊ,2,牛
ȵiɵʊ,3,扭[～轉]紐
ȵiɵʊ,5,扭[～來～去]
ɕiɵʊ,1,休
ɕiɵʊ,3,朽□[自高自大，目中無人：～得要死]
ɕiɵʊ,5,嗅=
ɕiɵʊ,7,蓄[儲～]旭畜[～牧]
iɵʊ,1,優憂悠幽
iɵʊ,2,尤由油郵遊猶柔揉
iɵʊ,3,有友酉
iɵʊ,5,幼柚誘莠祐宥鬱釉=又=右=
iɵʊ,6,又-右-釉-
põɹ̃,1,搬
põɹ̃,2,盤般
põɹ̃,5,半伴=
põɹ̃,6,伴-
pʰõɹ̃,1,潘
pʰõɹ̃,3,盤[～腳子：走路時兩腿向內盤曲的人]跛拌
pʰõɹ̃,5,判叛
mõɹ̃,2,饅瞞
mõɹ̃,3,滿[～意]
tõɹ̃,1,端
tõɹ̃,2,團
tõɹ̃,3,短
tõɹ̃,5,段鍛緞斷=
tõɹ̃,6,斷-凼[水坑；田地裏漚肥的小坑]段-塅[面積較大的平坦的地區，用於地名：田心～]
lõɹ̃,1,臠[萎靡不振：～起～起]
lõɹ̃,2,鸞圝[圓]
lõɹ̃,3,暖卵
lõɹ̃,5,亂=
lõɹ̃,6,亂-
tsõɹ̃,1,鑽
tsõɹ̃,3,䂎[用尖的物體在另一物體上轉動，造成窟窿：牆上盡是釘子～的眼]
tsõɹ̃,5,鑽[～石]
tsõɹ̃,1,汆
tsõɹ̃,5,竄篡
tsõɹ̃,6,□[走路不穩，跌跌撞撞]
sõɹ̃,1,酸
sõɹ̃,5,算蒜
kõɹ̃,1,官棺觀[參～]冠[衣～]
kõɹ̃,2,𢑆[彎(腰)：～起個腰]
kõɹ̃,3,管館
kõɹ̃,5,貫灌罐觀[寺～]冠[～軍]
kõɹ̃,7,箇[「箇樣」的合音]
kʰõɹ̃,1,寬
kʰõɹ̃,3,款皖
kʰõɹ̃,5,墈[水田、池塘等的岸邊以及堤岸或山崖：田～，河～]
kʰõɹ̃,6,□[器物口朝下放置或覆蓋別的東西；把鉢子～起放]
xõɹ̃,1,歡
xõɹ̃,2,桓
xõɹ̃,3,緩
xõɹ̃,5,喚煥渙換=幻患宦
xõɹ̃,6,換-
õɹ̃,2,完
õɹ̃,3,碗腕宛婉豌-
õɹ̃,5,玩[古～]
tʃɘ̃,1,詹瞻沾[～染]氈粘=占[～米]
tʃɘ̃,2,纏
tʃɘ̃,3,展輾
tʃɘ̃,5,佔[～據]戰顫
tʃɘ̃,6,黵[因接觸而被東西附着上：～噠一身灰]
ʃɘ̃,1,□[～薄的：很薄]
ʃɘ̃,2,禪蟬=
ʃɘ̃,3,閃陝
ʃɘ̃,5,扇搧膳擅贍[～養]單[(姓氏)]善=騸[～牛的：閹牛的人]
ʃɘ̃,6,善-
piẽ,1,邊鞭編=鯿[～魚]
piẽ,2,便[～宜]
piẽ,3,扁匾蝙
piẽ,5,便[方～]變辨辯
piẽ,6,辮便[～帶：順便捎帶]
pʰiẽ,1,篇偏編-
pʰiẽ,3,□[蘸：～點醬油]
pʰiẽ,5,騙片汴
miẽ,1,□[一～～子：一點點]
miẽ,2,棉綿眠
miẽ,3,免勉娩緬
miẽ,5,面=
miẽ,6,面-
tiẽ,1,顛癲
tiẽ,2,田甜填
tiẽ,3,點典
tiẽ,5,店電奠佃殿=墊=簟=
tiẽ,6,殿-墊-簟-
tʰiẽ,1,天添
tʰiẽ,3,舔覥[～靦：漂亮(多指女子)]
tʰiẽ,5,掭
liẽ,1,□[睡～噠：睡迷糊了]
liẽ,2,連蓮聯憐廉鐮簾奩鰱
liẽ,3,臉
liẽ,5,練煉戀斂
liẽ,6,□[～常：常常]鏈
tsiẽ,1,尖煎
tsiẽ,2,前全泉錢潛痊撏[拔：～雞毛]
tsiẽ,3,剪踐
tsiẽ,5,漸箭濺賤=薦僭𣚙[～栗子：一種野生的栗子]煎[～油，熬豬油]
tsiẽ,6,賤-旋-[頭頂上的旋儿]
tsʰiẽ,1,千殲簽籤箋遷纖
tsʰiẽ,3,淺
siẽ,1,先鮮[～花]仙宣暹
siẽ,2,涎旋=鏇
siẽ,3,選癬鮮[～爲人知]
siẽ,5,線羨鏾[～雞：閹過的公雞；閹割雞]
tɕiẽ,1,肩堅兼奸=
tɕiẽ,2,鉗乾[～坤]虔
tɕiẽ,3,檢繭鹼撿[拾：～起來]揀[～藥：抓藥]
tɕiẽ,5,見建健鍵腱劍儉件=
tɕiẽ,6,件-
tɕʰiẽ,1,牽謙
tɕʰiẽ,3,遣歉[道～]
tɕʰiẽ,5,欠牽[掛～：掛念；牽掛]歉[很想得到某種東西，～喫：想喫]芡[～粉]
ȵiẽ,1,拈研
ȵiẽ,2,嚴閻年鮎[～魚]
ȵiẽ,3,儼碾攆輦捏[～起拳頭]捻
ȵiẽ,5,念=硯=諺驗
ȵiẽ,6,釅硯-念-
ɕiẽ,1,軒掀喧-
ɕiẽ,2,賢弦嫌
ɕiẽ,3,險顯
ɕiẽ,5,獻憲餡現=縣=
ɕiẽ,6,現-縣-
iẽ,1,煙胭淹閹醃焉
iẽ,2,鹽炎顏=延筵言簷芫[～荽菜]
iẽ,3,演掩眼=
iẽ,5,燕宴焰艷厭咽
tɕyẽ,1,專磚捐涓
tɕyẽ,2,拳權船傳[～達]顴
tɕyẽ,3,轉[～來：回來]捲[～尺]鬈[～發]
tɕyẽ,5,轉[～珠蓮：紙做的風車(兒童玩具)]卷[考～]券眷絹篆倦=傳=？
tɕyẽ,6,倦-傳-
tɕʰyẽ,1,穿川釧圈
tɕʰyẽ,3,犬喘舛
tɕʰyẽ,5,串勸
ɕyẽ,1,喧=揎[用手推]
ɕyẽ,2,玄懸眩椽蟬-
ɕyẽ,5,楦
yẽ,1,冤淵箢[～箕：竹篾編成的畚箕]
yẽ,2,元原源袁緣沿鉛援丸園圓垣燃然完[～姑媽]
yẽ,3,遠軟染
yẽ,5,院阮怨願=
yẽ,6,願-垸[～子：沿江、湖地帶圍繞房屋、田地等修築的堤]
pã,1,班頒斑扳幫邦浜梆
pã,2,旁滂傍龐
pã,3,板版榜綁
pã,5,絆扮謗棒磅蚌=瓣=辦=
pã,6,辦-瓣-蚌-傍[～邊：靠近，接近]
pʰã,1,攀胮[前加成分，表示程度相當高：～臭的]□[趕(雞)：你莫去～它]
pʰã,3,髈[肘子]乓[～鎖：碰鎖]㩧[打，擊：～他一坨(打他一拳)]
pʰã,5,盼胖襻[鞋～子]
pʰã,6,□[丟：～得哪裏去噠]
mã,1,鞔[覆蓋]蒙[繃，衣服、布等張得緊；～子：眼球表面生出的妨礙視力的白膜；酷、油等表面長的白色的黴]
mã,2,蠻忙芒茫盲
mã,3,晚[(俗作滿)排行最末的：～叔；最小的：～指拇]滿[(訓讀，本字晚)排行最末的：～叔；最小的：～指拇]
mã,5,漫幔謾[～它：批評；挨批評]慢=
mã,6,慢-漫[～痂子：積在皮膚上的污垢]
ɸã,1,番翻蕃方芳荒慌
ɸã,2,凡帆煩藩繁礬樊防妨肪房還[～價]環黃=簧=皇=蝗=凰=
ɸã,3,反紡仿彷恍謊
ɸã,5,範販泛梵放犯=飯=𠆩[逗～子]
ɸã,6,犯-飯-
tã,1,丹單耽擔[～水桶]覘[擡(頭)：～起腦殼]當[～面]鐺
tã,2,談痰檀壇譚潭彈[～琴]罈堂螳唐糖塘溏
tã,3,膽擋撣[～帚子：雞毛撣子]黨
tã,5,旦但=擔[～子]誕憚當[上～]淡=彈=[子～]蛋=
tã,6,彈-蛋-淡-但-
tʰã,1,貪坍灘攤湯
tʰã,3,坦毯倘躺盪[把水放在器物裏搖動]䠀[～底：鞋墊]
tʰã,5,探炭嘆燙摥[～子：平斗斛的木片]趟盪[～子：抹子]蕩
tʰã,6,彈[把篾片一～得去(很快地彈一下)]
lã,1,□[～薄的：很薄]
lã,2,藍籃蘭攔欄婪男南難郎螂狼囊
lã,3,覽攬欖纜朗曩懶盪[把水放在器物裏搖動清洗]
lã,5,濫難[患～]爛浪
lã,6,爛-浪-㫰[晾]
tsã,1,簪髒贓[～官]
tsã,2,蠶慚殘讒饞藏[～書]□[(馬蜂)蜇(人)]
tsã,3,斬盞嶄攢[～勁：使勁]
tsã,5,贊站[～前立後]灒[濺]藏[西～]臟[心～]葬
tsã,6,站[東～]棧[鏨～子]暫撞[～木鐘：喫力不討好，自費心思]
tsʰã,1,餐參[～加]攙倉蒼瘡
tsʰã,3,慘產鏟
tsʰã,5,燦懺
tsʰã,6,撞
sã,1,三衫山訕桑喪[～事]
sã,3,散[～票子：零錢]饊[～子：一種油炸的麵食]傘嗓磉爽
sã,5,散[分～]喪[～失]疝涮
tʃã,1,張章樟
tʃã,2,長[～短]腸場
tʃã,3,長[生～]漲掌
tʃã,5,杖仗綻帳賬脹悵障丈=䋎[～被窩]
tʃã,6,丈-
tʃʰã,1,昌倡
tʃʰã,3,廠敞
tʃʰã,5,唱暢
ʃã,1,商傷
ʃã,2,常嘗裳
ʃã,3,賞償
ʃã,5,尚上=
ʃã,6,上=
ɹ̠ã,3,壤攘嚷釀
ɹ̠ã,5,讓=
ɹ̠ã,6,讓-
kã,1,甘柑泔乾[～淨]肝艱間[人～]奸-缸肛岡鋼崗剛綱
kã,2,扛
kã,3,敢橄感趕桿稈竿減簡揀港講-擀
kã,5,幹[～勁]間[～斷]艦鑑監尷柬諫槓虹-
kã,6,□[翹：屁股一～起]
kʰã,1,堪勘刊看[～守]龕嵌康糠㝩[容器沒有盛滿]
kʰã,3,砍坎侃慷
kʰã,5,看[～戲]抗炕
ŋã,1,安鞍庵諳鵪骯
ŋã,2,昂顏-嚴[～絲密縫：兩個物體結合緊密，沒有空隙]
ŋã,3,眼-
ŋã,5,暗按案晏雁岸=
ŋã,6,岸-
xã,1,酣邯鼾嫨[做事拖沓]
xã,2,含函寒韓銜鹹[～菜]閒行[銀～]航杭
xã,3,喊罕瞰
xã,5,漢旱翰憾撼陷限=項巷=汗=
xã,6,汗-巷-限-莧
pʰiã,3,㩧[打，擊：～他一它(打他一拳)]片[量詞(表示面積較大)]
tiã,1,粘[貼；緊跟]
tiã,5,釘-[投，擲]甸[(存疑)～重的：很重]丁[～鑼子：小銅鑼]□[打人，～他一餐]□[戲謔呼老人，老～～，老～坨]
tʰiã,1,□[你莫～我囉：你不要拿我開玩笑了]
tʰiã,3,挺-[凸出或挺起(胸腹)：～起個肚子]
tʰiã,5,□[象聲詞，小鑼聲]
liã,1,良糧涼梁梁量[～衣服]
liã,3,兩輛
liã,5,諒量[質～]亮=
liã,6,亮-
tsiã,1,將[～軍]漿
tsiã,2,牆祥詳戕□[～話：因未聽清楚或開玩笑而把別人的話學走了樣]
tsiã,3,獎槳
tsiã,5,將[上～]醬匠=□[(用力)踩：～他一腳]
tsiã,6,匠-像[好～]
tsʰiã,1,槍
tsʰiã,3,搶
tsʰiã,5,戧[斜：～對門]
siã,1,箱廂湘相[～信]襄鑲
siã,3,想
siã,5,相[～片]象[印～]橡像[繡～]
siã,6,像[好～]
tɕiã,1,江姜薑剛[才～：剛才]
tɕiã,2,強[富～]
tɕiã,3,進=
tɕiã,5,降[下～]絳
tɕiã,6,犟[倔]
tɕʰiã,1,腔羌疆僵
tɕʰiã,3,強[勉～]
ȵiã,1,□[茶～子：茶汁儿]
ȵiã,2,娘
ȵiã,3,仰□[遊逛]□[抖：～咖點灰]□[讓：～他去搞]□[外露：真開水不響，真財主不～]
ɕiã,1,香鄉
ɕiã,2,降[投～]
ɕiã,3,響享餉
ɕiã,5,向萫[加作料使(菜餚)味道更好：買點子蔥～菜]
iã,1,央秧殃縈-[把線帶或草繞成團；～毛線]
iã,2,羊洋烊陽楊瓤螢-[～火蟲]
iã,3,養癢壤攘嚷
iã,5,恙樣=
iã,6,樣-
kuã,1,關光
kuã,2,狂
kuã,3,廣
kuã,5,慣□[～綠的：很綠]
kuã,6,摜[撞；摔]□[～綠的：很綠]
kuã,7,□[～綠的：很綠]
kʰuã,1,匡筐□[散發(不好的氣味)：飯菜～得餿氣]□[～臭的：很臭]傾-[倒掉：～水]
kʰuã,3,□[打：～他幾個嘴巴]
kʰuã,5,曠礦況
uã,1,彎灣汪豌=
uã,2,頑玩王忘亡黃-簧-皇-蝗-凰-
uã,3,晚挽枉往網
uã,5,旺妄望=萬=
uã,6,望-萬-橫[～子：床鋪、桌子、窗戶等器物上的橫木條]
tɕyã,1,莊裝樁贓[坐地分～]
tɕyã,2,床
tɕyã,5,壯狀=撰賺=
tɕyã,6,狀-賺-撞
tɕʰyã,1,窗
tɕʰyã,3,闖撞[～數：湊數]
tɕʰyã,5,創
ɕyã,1,閂拴栓刪珊雙霜孀
ɕyã,3,爽
ɕyã,5,涮
pən,1,奔崩
pən,2,盆湓彭澎
pən,3,本
pən,5,笨=
pən,6,笨-
pʰən,1,烹
mən,1,蚊-
mən,2,門
mən,5,悶[～熱]
mən,6,悶[～車，～船]門[～口：跟前；附近]
ɸən,1,分芬紛昏婚渾葷
ɸən,2,焚墳橫魂餛豶[～豬]
ɸən,3,粉
ɸən,5,奮糞忿憤噴[～水]份=混=
ɸən,6,份-混-
tən,1,燈登敦墩蹬
tən,2,騰藤滕謄屯豚囤臀
tən,3,等戥礅[磉～：柱子底下的石礅]
tən,5,頓盾遁沌凳瞪鄧=敦[使物體跟地面垂直：把柱子～起]蹾[重重地往下放：輕點子～]
tən,6,鈍鄧-
tʰən,1,吞飩
tʰən,3,隥[～子：臺階兒]震[震動：箇條路不平，車子～得厲害]
tʰən,5,稱[～頭：指擔子兩頭的重量相當]
tʰən,6,□[蹬：腳一～]
lən,1,□[搓(線)：箇根線～好噠]□[～～子：鈔票]
lən,2,輪倫淪崙論[～語]能
lən,3,冷
lən,5,論[討～]嫩=
lən,6,嫩-
tsən,1,尊樽遵蹲曾增僧爭睜箏榛瑧
tsən,2,層存橙
tsən,3,怎
tsən,5,憎贈甑俊竣浚
tsən,6,澄[～子]捘[按；壓]
tsʰən,1,村皴
tsʰən,3,□[厲害：真鬧得～唻]
tsʰən,5,寸襯䟫[～嘴：吵嘴]
sən,1,孫生牲笙甥參[人～]
sən,2,荀旬詢循巡
sən,3,省損筍
sən,5,遜滲殉
tʃən,1,珍真針斟貞偵蒸正[～月]征徵
tʃən,2,陳塵沉臣澄[～清]承丞呈成城誠
tʃən,3,診拯枕整□[趼子]□[絲織品，木頭等因久置而變質]
tʃən,5,鎮振震疹朕陣=正症證政鄭
tʃən,6,陣-澄[把水～清]
tʃʰən,1,稱[～呼]撐抻[伸]蟶
tʃʰən,3,懲
tʃʰən,5,趁秤稱[～職]牚[～棚：支持]
ʃən,1,身申伸深升聲勝[～任]
ʃən,2,神辰晨唇娠乘繩
ʃən,3,審嬸沈
ʃən,5,慎腎甚葚聖盛胜[～利]剩=
ʃən,6,剩-
ɹ̠ən,2,人任[姓氏]仁壬
ɹ̠ən,3,忍
ɹ̠ən,5,任[～務]妊賃扔認=
ɹ̠ən,6,認-
kən,1,根跟更庚耕羹
kən,3,耿哽整[(訓讀)～天子：整天]梗粳[～稻]
kən,5,更[～加]亙
kʰən,1,坑=
kʰən,3,肯啃[老鼠～過]
ŋən,1,恩
ŋən,3,□[硌：打赤腳走路會～腳]
ŋən,6,硬嗯[～囉：嘆詞，表應答，贊同]
xən,1,亨
xən,2,痕恆衡
xən,3,很=狠
xən,5,恨
xən,6,啈[嚇唬：伢子不怕人，你來～一下]哼[～搐～搐：擔驚受怕的樣子]
pin,1,賓檳殯鑌彬冰兵
pin,2,貧憑平評萍瓶屏頻蘋
pin,3,丙秉柄餅禀
pin,5,並併迸病=鬢
pin,6,病-
pʰin,1,拼姘
pʰin,3,品
pʰin,5,聘牝
min,2,民泯閩明萌盟鳴名銘冥緡
min,3,敏憫皿抿
min,5,命=□[～甜的：很甜]
min,6,命-
tin,1,丁釘[～子]疔汀砧[～板]
tin,2,亭停廷庭蜓
tin,3,頂鼎
tin,5,釘=[～釦子]定=錠=訂=
tin,6,定-錠-訂-
tʰin,1,廳聽[～裝：用鍍錫或鍍鋅的鐵皮做成的裝食品、香煙的器具包裝的]
tʰin,3,艇挺=
tʰin,5,聽
lin,1,□[～～子：悄悄地]
lin,2,林淋臨鄰鱗燐陵菱凌靈鈴玲伶零
lin,3,領嶺凜廩檀
lin,5,吝令另=
lin,6,另-凌[～冰]
tsin,1,精睛津晶旌侵
tsin,2,秦晴情尋
tsin,3,井儘[他～坐得]
tsin,5,進晉淨靜=盡=[～善～美]浸[～酸的：很酸]
tsin,6,盡-靜-
tsʰin,1,清青蜻親[～戚]
tsʰin,2,請寢
tsʰin,3,親[～家]浸[湮：～濕兩張紙]凊[～涼的]
sin,1,心星新薪辛
sin,3,醒擤
sin,5,信訊迅性姓腥[魚有～氣]囟
tɕin,1,斤巾筋京鯨驚擎荊金今襟經兢
tɕin,2,勤芹琴禽擒
tɕin,3,緊謹景警頸錦
tɕin,5,勁莖竟境鏡敬禁徑競近=
tɕin,6,近-噤[顫抖，打哆嗦]
tɕʰin,1,輕欽卿
tɕʰin,3,顉[～腦殼：點頭]
tɕʰin,5,慶磬罄[～空的：很空]僅
ȵin,2,凝寧吟
ȵin,5,佞
ɕin,1,欣興[～旺]馨
ɕin,2,形刑型行[～爲]
ɕin,3,□[打：～他兩下]□[蠢：～裏～氣]
ɕin,5,幸杏釁興[高～]行[品～]焮[小火燜飯]
in,1,因姻殷音陰蔭英鷹鶯鸚櫻嬰纓
in,2,銀=寅蠅迎營淫贏仍
in,3,引隱飲影穎魘[夢～子]
in,5,印蔭[用於名字]映應𢷍[量：～尺碼]飲[～菜：給菜澆水]
kuən,3,滾
kuən,5,棍
kʰuən,1,昆崑坤
kʰuən,3,捆
kʰuən,5,困睏
uən,1,溫瘟
uən,2,文紋聞蚊=
uən,3,穩吻刎
uən,5,問=
uən,6,問-
tɕyn,1,君軍均鈞諄
tɕyn,2,群裙瓊
tɕyn,3,準
tɕyn,5,窘郡菌=圳[田間通水的小溝]
tɕyn,6,菌-
tɕʰyn,1,春傾=
tɕʰyn,3,蠢頃
ɕyn,1,熏薰勳
ɕyn,2,純醇馴
ɕyn,3,瞬迥
ɕyn,5,訓舜順=
ɕyn,6,順-
yn,2,雲勻榮螢=塋縈=
yn,3,允尹永隕
yn,5,韻熨刃泳詠潤=孕=
yn,6,閏潤-孕-
poŋ,1,繃
poŋ,2,朋棚篷蓬𨂃[急促地走：一起來就往外頭～]弸[～子：布的幅寬]
poŋ,3,□[凸：路面一～起]
poŋ,5,蹦
pʰoŋ,1,噴[～壺]□[～～頭：一種髮型，經吹風吹過後，頭髮邃松高聳]
pʰoŋ,3,捧
pʰoŋ,5,碰噴[～香]
pʰoŋ,6,噴[象聲詞：火一～]
moŋ,1,蒙[～細的：很細]
moŋ,2,萌盟蒙[～古]
moŋ,3,猛蒙[～噠：摀住]懵[～裏～懂]
moŋ,5,孟夢=
moŋ,6,夢-
toŋ,1,東冬
toŋ,2,同銅桐筒童瞳
toŋ,3,董懂抍[舉：把旗幟～高一點]
toŋ,5,凍棟動=洞=
toŋ,6,動-洞-
tʰoŋ,1,通
tʰoŋ,3,桶捅[把錢～得荷包裏]□[踩：一腳～死兩隻偷油婆(蟑螂)]□[淌：他臉上的汗水直個～(不停地淌)]統
tʰoŋ,5,痛疼[～愛]
tʰoŋ,6,□[打：～他幾拳]
loŋ,1,聾
loŋ,2,龍籠隆農濃膿
loŋ,3,攏隴壠[用於地名：上大～]
loŋ,5,弄怒
loŋ,7,□[縮：～起個頸根(脖子)]
tsoŋ,1,宗棕鬃
tsoŋ,2,從叢崇松-[～樹]
tsoŋ,3,總
tsoŋ,5,粽蹤縱皺縐
tsʰoŋ,1,匆蔥聰囪從[～容]
tsʰoŋ,3,□[推：～車子]
soŋ,1,松=[～香]鬆嵩
soŋ,2,㞞[吝嗇：好～]
soŋ,3,聳慫
soŋ,5,送宋誦頌訟□[～白的：很白]
tʃoŋ,1,中忠鐘鍾終盅
tʃoŋ,2,蟲重[～复]
tʃoŋ,3,腫種[～子]塚
tʃoŋ,5,仲中[射～]眾重=[～點]種[～樹]
tʃoŋ,6,重-
tʃʰoŋ,1,充衝舂
tʃʰoŋ,3,寵
tʃʰoŋ,5,銃衝[氣味濃烈刺鼻：～菜子]
koŋ,1,公工攻功弓躬宮恭供[～不應求]
koŋ,3,拱鞏汞凸[(訓讀)]
koŋ,5,貢供=[～養]共=羾[穿越某種障礙：從人堆裏～出來]
koŋ,6,共-供-[喫輪～：輪流贍養老人]
koŋ,7,□[～黃的：很黃]
kʰoŋ,1,空[～氣]
kʰoŋ,3,孔悉
kʰoŋ,5,控空[～缺]
kʰoŋ,7,□[～通：象聲詞]
ŋoŋ,1,翁壅[蒙，遮蓋：把被窩～噠腦殼]
ŋoŋ,5,甕壅[掩藏(在心裏)：他～噠笑(暗自發笑)]蕹[～菜]齆[～鼻子]
ŋoŋ,7,𩑦[(頭)沒入(水中)：把頭～得水缸裏]
xoŋ,1,轟烘哄[一～而散]豐風瘋楓封峰蜂鋒
xoŋ,2,宏紅洪弘虹=鴻馮逢縫
xoŋ,3,諷哄[欺～]
xoŋ,5,鳳奉俸
xoŋ,6,縫[一條～]蕻[～子菜：菜薹]
tɕioŋ,2,窮穹
ɕioŋ,1,兄胸兇
ɕioŋ,2,熊雄鱅[～魚：胖頭魚]
ɕioŋ,5,嗅-
ioŋ,1,雍
ioŋ,2,戎絨融茸容鎔庸
ioŋ,3,勇湧甬擁冗
ioŋ,5,用=
ioŋ,6,用-傭
m̩,1,姆[～媽：媽媽]
n̩,3,你[～郎家：您老人家]